name,K1030_GE5_CTRL_mean_score,K1030_GE5_mean_score,K1030_GE5_CTRL_K1030_GE5_change,K1030_GE5_CTRL_K1030_GE5_pvalue,K1030_GE5_CTRL_K1030_GE5_highlighted
Arnt,0.2829,0.31451,0.03793,5.31563E-75,FALSE
PAX6,0.14471,0.18682,-0.07042,5.23884E-92,FALSE
RORA,0.12625,0.17586,-0.17313,2.04804E-145,FALSE
RXRA::VDR,0.15862,0.19313,-0.05592,1.21433E-83,FALSE
REL,0.21321,0.24476,0.01556,7.12205E-40,FALSE
RELA,0.20157,0.23195,0.03042,2.29477E-79,FALSE
NR1H2::RXRA,0.13966,0.18704,-0.14015,9.40958E-134,FALSE
Znf423,0.21315,0.24968,-0.05371,2.47394E-101,FALSE
NFIC::TLX1,0.17415,0.22269,-0.1096,8.31724E-133,FALSE
ZNF354C,0.14436,0.18472,-0.09647,1.05095E-127,FALSE
Pou5f1::Sox2,0.09904,0.14202,-0.1832,1.13489E-157,FALSE
EWSR1-FLI1,0.20091,0.23174,0.01454,7.14357E-66,FALSE
Arid3a,0.08844,0.13063,-0.20559,1.67063E-177,FALSE
INSM1,0.22289,0.24676,0.04569,1.02521E-99,FALSE
RARA::RXRA,0.1721,0.20981,-0.04513,2.47315E-96,FALSE
PLAG1,0.24832,0.26239,0.10523,4.46409E-146,FALSE
Tfcp2l1,0.2409,0.26936,0.00287,1.99417E-04,FALSE
DUX4,0.11381,0.16076,-0.2025,1.33392E-148,FALSE
Sox6,0.14549,0.1784,0.01826,1.41742E-58,FALSE
ESR2,0.1847,0.22979,-0.09485,5.05021E-131,FALSE
SREBF1,0.19202,0.23531,-0.07739,9.36630E-115,FALSE
SREBF2,0.17073,0.21721,-0.107,3.27643E-129,FALSE
KLF5,0.35817,0.37682,0.07739,1.38596E-145,FALSE
Atf1,0.38944,0.42254,0.05502,6.22686E-63,FALSE
Creb3l2,0.31833,0.34926,0.05152,2.08171E-72,FALSE
FOXG1,0.12649,0.16458,-0.07472,2.34999E-115,FALSE
Foxj2,0.12757,0.1654,-0.07508,1.63326E-119,FALSE
BHLHE41,0.31746,0.34464,0.01616,2.53317E-30,FALSE
ELF4,0.31938,0.35774,-0.04651,1.19070E-84,FALSE
FOXI1,0.12522,0.16574,-0.09918,6.42824E-126,FALSE
FOXL1,0.14576,0.18463,-0.05465,5.61926E-90,FALSE
HNF1B,0.10356,0.17967,-0.43692,6.10639E-187,TRUE
HSF1,0.12433,0.1632,-0.16493,5.41763E-142,FALSE
IRF9,0.13794,0.1721,-0.0501,8.97684E-91,FALSE
JDP2,0.22236,0.3167,-0.32536,5.38655E-190,TRUE
MEF2B,0.09692,0.1299,-0.09893,1.44413E-131,FALSE
MLX,0.29322,0.32546,0.01688,5.62857E-26,FALSE
MSC,0.15393,0.19574,-0.08941,1.41224E-116,FALSE
MYF6,0.13814,0.18121,-0.12167,4.70572E-123,FALSE
NEUROG2,0.11595,0.1623,-0.18368,1.00150E-140,FALSE
Nr2e1,0.11584,0.15965,-0.15542,1.49838E-152,FALSE
OLIG2,0.09497,0.13414,-0.17941,6.17082E-127,FALSE
PAX4,0.10631,0.15229,-0.18398,8.27917E-127,FALSE
Rxra,0.15175,0.19822,-0.12657,1.65425E-133,FALSE
SRF,0.13855,0.18468,-0.16482,1.18386E-116,FALSE
TBXT,0.13548,0.18043,-0.13023,1.32188E-117,FALSE
TBX20,0.13168,0.17364,-0.13226,5.04380E-129,FALSE
TFAP4,0.17199,0.22008,-0.09549,1.32510E-120,FALSE
ZIC1,0.29838,0.31904,0.05725,3.54099E-105,FALSE
PHOX2A,0.08365,0.127,-0.23467,5.11424E-151,FALSE
PROP1,0.0784,0.11974,-0.23729,2.16340E-158,FALSE
VENTX,0.12003,0.16769,-0.16919,9.29463E-127,FALSE
Nr2F6,0.12293,0.16559,-0.13172,8.38183E-144,FALSE
RARA,0.11864,0.163,-0.14808,3.13405E-139,FALSE
RARA,0.16827,0.21196,-0.09326,2.11230E-119,FALSE
BCL6B,0.13849,0.18079,-0.11731,9.96872E-128,FALSE
EGR2,0.4087,0.40018,0.29135,9.13669E-162,TRUE
GLIS2,0.27227,0.28222,0.14075,7.71587E-131,FALSE
GLIS3,0.20007,0.22981,0.00096,5.06454E-02,FALSE
KLF16,0.38937,0.40101,0.12688,7.05437E-161,FALSE
ZNF143,0.1885,0.23286,-0.11532,1.68599E-130,FALSE
E2F7,0.16923,0.20261,-0.06428,2.01404E-88,FALSE
HSF2,0.12175,0.16124,-0.16484,3.96534E-141,FALSE
HSF4,0.13257,0.17013,-0.14955,3.18091E-133,FALSE
MEF2D,0.09206,0.1259,-0.1239,5.61479E-136,FALSE
MEIS2,0.17399,0.21446,-0.05549,1.58174E-98,FALSE
MYBL1,0.17658,0.21784,-0.10981,4.00564E-87,FALSE
MYBL2,0.17653,0.21517,-0.0667,1.44561E-68,FALSE
NFKB1,0.18955,0.20597,0.10348,4.36299E-117,FALSE
PAX3,0.08402,0.13197,-0.25643,4.99470E-146,FALSE
PKNOX2,0.13691,0.18157,-0.11986,7.41190E-138,FALSE
POU3F2,0.10571,0.15063,-0.22994,1.91905E-164,FALSE
POU3F3,0.09298,0.13676,-0.24721,1.05445E-169,FALSE
POU3F4,0.11961,0.16394,-0.19411,1.32697E-148,FALSE
POU5F1B,0.11941,0.16386,-0.20033,7.27274E-150,FALSE
PROX1,0.17575,0.20616,-0.01035,2.38613E-15,FALSE
SMAD3,0.1528,0.18642,-0.04286,6.57125E-61,FALSE
TGIF1,0.13308,0.17807,-0.12504,1.56139E-133,FALSE
TGIF2,0.13587,0.18011,-0.1143,1.68444E-123,FALSE
RUNX2,0.1722,0.23504,-0.19593,9.05322E-148,FALSE
MGA,0.15033,0.19585,-0.13821,2.16405E-137,FALSE
TBX15,0.15248,0.19336,-0.12345,5.93406E-133,FALSE
TBX1,0.15293,0.19887,-0.13872,2.93777E-133,FALSE
TBX4,0.14441,0.18942,-0.14606,4.71432E-135,FALSE
TBX5,0.14861,0.19091,-0.13829,2.43513E-141,FALSE
TEAD3,0.16416,0.21558,-0.10419,1.61163E-131,FALSE
TFAP2B,0.29632,0.3022,0.16472,2.77533E-150,FALSE
TFAP2C,0.30765,0.30829,0.20227,1.38626E-151,TRUE
Ascl2,0.1961,0.23318,-0.04938,2.06480E-93,FALSE
HES7,0.24167,0.26185,0.04962,9.56032E-76,FALSE
HEY1,0.30252,0.32376,0.09782,3.77576E-99,FALSE
OLIG1,0.09385,0.13585,-0.209,5.76409E-126,FALSE
OLIG3,0.09929,0.13949,-0.17944,7.41977E-134,FALSE
CEBPG,0.14793,0.21104,-0.38427,7.73571E-158,TRUE
FOXB1,0.09762,0.13729,-0.14783,2.59565E-146,FALSE
FOXC1,0.09925,0.13847,-0.13845,1.02070E-146,FALSE
FOXO4,0.14576,0.18463,-0.05465,5.61926E-90,FALSE
FOXO6,0.14576,0.18463,-0.05465,5.61926E-90,FALSE
FOXP3,0.14576,0.18463,-0.05465,5.61926E-90,FALSE
RXRB,0.15156,0.19802,-0.12421,1.94497E-138,FALSE
RXRG,0.14794,0.19485,-0.13538,1.19686E-133,FALSE
Rarb,0.11814,0.16209,-0.13764,5.90511E-140,FALSE
Rarb,0.1521,0.19922,-0.11856,2.77205E-124,FALSE
Rarg,0.14788,0.1936,-0.13421,7.28189E-139,FALSE
TP63,0.14471,0.18544,-0.11159,2.62913E-110,FALSE
TP53,0.15709,0.1985,-0.08336,1.25421E-97,FALSE
GMEB2,0.28385,0.3172,-0.0215,1.10944E-16,FALSE
MTF1,0.22447,0.25025,0.05235,1.65783E-84,FALSE
E2F1,0.35224,0.36435,0.10142,1.56252E-85,FALSE
SOX21,0.11002,0.15294,-0.14473,6.58353E-135,FALSE
Sox1,0.11262,0.15574,-0.1398,1.37626E-129,FALSE
TFAP2A,0.30592,0.30766,0.19588,2.27416E-151,TRUE
ZNF24,0.12619,0.17011,-0.12855,3.53619E-144,FALSE
ZSCAN4,0.14976,0.18541,-0.03745,1.17009E-83,FALSE
FOSB::JUN,0.23711,0.29107,-0.19005,1.03571E-136,FALSE
FOSL1::JUN,0.24642,0.29942,-0.2173,1.07565E-135,FALSE
FOSB::JUNB,0.24887,0.30188,-0.19754,9.32844E-129,FALSE
IRF5,0.16904,0.19905,-0.0178,2.83552E-36,FALSE
TCF7L1,0.11965,0.15988,-0.10612,6.49906E-129,FALSE
ATOH7,0.11735,0.16363,-0.18195,4.83720E-132,FALSE
FERD3L,0.23942,0.26326,0.03591,2.86538E-75,FALSE
FOXN3,0.10736,0.14901,-0.14626,4.76718E-146,FALSE
HES6,0.21582,0.24331,0.02294,7.87505E-50,FALSE
IRF6,0.21067,0.22994,0.07415,3.69583E-81,FALSE
NR2F1,0.17859,0.21719,-0.0635,8.94005E-92,FALSE
NR2F6,0.17269,0.21191,-0.06632,1.64781E-96,FALSE
RXRB,0.20032,0.2363,-0.05102,2.46573E-79,FALSE
RXRG,0.21041,0.24471,-0.04012,2.63436E-81,FALSE
SMAD5,0.18306,0.21128,0.00615,3.61509E-06,FALSE
TFAP4,0.11686,0.16731,-0.20739,1.26048E-134,FALSE
TGIF2LX,0.15654,0.2003,-0.07348,3.82572E-101,FALSE
TGIF2LY,0.16077,0.20539,-0.07771,6.15871E-97,FALSE
ZBTB32,0.11248,0.15831,-0.18087,2.24030E-146,FALSE
ZNF135,0.15603,0.18262,-0.06455,1.33900E-131,FALSE
ZNF136,0.121,0.16517,-0.14514,9.12464E-133,FALSE
ZNF382,0.1423,0.18521,-0.13364,1.32707E-127,FALSE
ZNF460,0.27132,0.27614,0.11044,2.22908E-162,FALSE
ZNF528,0.18486,0.22269,-0.03035,3.50781E-80,FALSE
HOXA5,0.12896,0.18272,-0.19083,3.04598E-132,FALSE
HOXD3,0.10975,0.15859,-0.2067,2.12186E-137,FALSE
NEUROG1,0.10502,0.14779,-0.17348,2.50481E-121,FALSE
ZNF707,0.21671,0.24466,0.00482,2.79615E-17,FALSE
ZNF8,0.09311,0.13556,-0.20446,9.95344E-141,FALSE
Foxn1,0.41252,0.37145,0.49306,5.46421E-194,TRUE
ELK1::HOXA1,0.29804,0.34017,-0.06333,2.80287E-85,FALSE
HOXB2::ELK1,0.25357,0.30299,-0.11096,2.87022E-109,FALSE
POU2F1::SOX2,0.0923,0.13652,-0.21884,4.23240E-160,FALSE
ZFP14,0.24032,0.26094,0.0665,5.53964E-126,FALSE
ZNF418,0.13901,0.17851,-0.08994,3.03613E-131,FALSE
ZNF669,0.31912,0.32288,0.17232,5.92560E-134,FALSE
SP1,0.40795,0.40225,0.25143,1.23941E-194,TRUE
RFX1,0.20517,0.25902,-0.24378,2.30053E-145,FALSE
SP2,0.45536,0.4492,0.24292,4.28050E-190,TRUE
BHLHA15,0.11667,0.16321,-0.20669,4.99260E-126,FALSE
SP4,0.38257,0.3932,0.13022,3.34802E-165,FALSE
KLF14,0.41233,0.41823,0.17047,6.36942E-174,FALSE
KLF12,0.47124,0.45967,0.28294,2.69813E-187,TRUE
RFX3,0.21777,0.26984,-0.21733,3.69963E-145,FALSE
BHLHE22,0.10097,0.14247,-0.19001,1.17879E-121,FALSE
HES5,0.30415,0.32059,0.13216,4.65127E-105,FALSE
TFE3,0.27275,0.31331,-0.07438,6.75715E-91,FALSE
CDX1,0.10757,0.1479,-0.14429,6.02611E-136,FALSE
DUXA,0.09879,0.14747,-0.22462,4.25431E-142,FALSE
KLF10,0.40212,0.40731,0.17279,2.96697E-175,TRUE
NR1D2,0.15458,0.1989,-0.11451,1.54231E-131,FALSE
PITX2,0.12356,0.16506,-0.13481,1.08221E-128,FALSE
SOX18,0.11708,0.15411,-0.06981,2.95307E-100,FALSE
Thap11,0.22399,0.26227,-0.08351,9.25841E-118,FALSE
ZNF75D,0.17481,0.21183,-0.03906,1.73190E-86,FALSE
BACH1,0.23669,0.33359,-0.31292,3.28811E-194,TRUE
mix-a,0.08684,0.13777,-0.28014,8.50654E-153,TRUE
ARNT::HIF1A,0.25744,0.28245,0.09627,4.24443E-138,FALSE
Pgr,0.11845,0.15836,-0.09885,7.65787E-121,FALSE
Ddit3::Cebpa,0.13271,0.17895,-0.17257,1.71370E-135,FALSE
Foxq1,0.10652,0.1461,-0.12307,4.49757E-133,FALSE
HOXB1,0.09782,0.14489,-0.21604,4.27594E-129,FALSE
PAX8,0.27907,0.29733,0.12013,1.19809E-114,FALSE
ZNF524,0.22688,0.2301,0.17058,2.78601E-137,FALSE
ZNF75A,0.16001,0.19461,-0.03544,9.68622E-89,FALSE
ZNF766,0.1351,0.17621,-0.10794,1.44526E-129,FALSE
ZNF770,0.2148,0.23738,0.00076,1.54394E-01,FALSE
ZSCAN16,0.1688,0.21104,-0.06057,1.34152E-100,FALSE
ZNF677,0.12887,0.16588,-0.06811,5.37990E-115,FALSE
ZBTB17,0.1064,0.14116,-0.07884,3.25840E-63,FALSE
FOXP4,0.14576,0.18463,-0.05465,5.61926E-90,FALSE
FOXS1,0.1285,0.16711,-0.07879,1.09002E-111,FALSE
HOXA3,0.09782,0.14489,-0.21604,4.27594E-129,FALSE
ZNF184,0.15451,0.18749,-0.04168,1.21357E-87,FALSE
ZNF213,0.25906,0.27052,0.07865,1.42936E-139,FALSE
BCL11A,0.1544,0.20364,-0.14498,3.34984E-145,FALSE
EPAS1,0.34339,0.34287,0.29915,6.57549E-132,TRUE
IKZF2,0.17731,0.21826,-0.05981,4.62206E-134,FALSE
PGR,0.13342,0.1805,-0.11711,2.61495E-113,FALSE
ZBED4,0.53553,0.48186,0.55874,3.48376E-220,TRUE
ZBTB11,0.35758,0.3903,0.00503,1.77428E-10,FALSE
ZBTB24,0.24667,0.26526,0.06931,1.21057E-120,FALSE
ZNF157,0.12667,0.16923,-0.13619,1.52337E-126,FALSE
ZNF175,0.18105,0.23646,-0.14513,3.69136E-151,FALSE
ZNF35,0.08359,0.12607,-0.22196,1.78815E-156,FALSE
ZNF547,0.14064,0.17939,-0.05015,2.08159E-90,FALSE
ZNF558,0.08435,0.12708,-0.23073,2.97250E-172,FALSE
ZSCAN21,0.13987,0.17967,-0.06984,8.51991E-102,FALSE
FEZF2,0.1993,0.22994,-0.04946,3.16862E-126,FALSE
ALX3,0.08883,0.1375,-0.254,4.00062E-161,FALSE
TBX21,0.13558,0.17855,-0.13828,1.49001E-135,FALSE
ARGFX,0.0885,0.13857,-0.26871,1.09698E-150,TRUE
ARNT2,0.30529,0.33835,0.03711,1.07413E-62,FALSE
ASCL1,0.2195,0.2475,0.0082,1.40991E-28,FALSE
ASCL1,0.19993,0.23118,-0.0449,1.26079E-101,FALSE
ATF2,0.17005,0.22421,-0.20315,1.77414E-151,FALSE
ATF3,0.2626,0.31651,-0.18773,3.45357E-128,FALSE
ATF4,0.12213,0.17178,-0.226,4.08262E-157,FALSE
ATF6,0.2688,0.30613,-0.0059,9.57848E-09,FALSE
ATF7,0.25471,0.30766,-0.19186,2.17652E-125,FALSE
MAFK,0.23039,0.30714,-0.19198,7.62335E-177,FALSE
BACH2,0.24928,0.34703,-0.29709,6.37945E-192,TRUE
BACH2,0.16447,0.2143,-0.1549,2.88452E-119,FALSE
BARHL1,0.18502,0.2088,0.10041,1.42569E-102,FALSE
BARHL2,0.18502,0.2088,0.10041,1.42569E-102,FALSE
BARX1,0.10913,0.15257,-0.174,2.60239E-150,FALSE
BARX2,0.09065,0.14394,-0.28648,5.91075E-164,TRUE
BATF,0.24962,0.34915,-0.29672,2.72975E-193,TRUE
BATF::JUN,0.24962,0.34915,-0.29672,2.72975E-193,TRUE
JUN,0.17216,0.22592,-0.20151,3.49529E-154,FALSE
BATF3,0.24962,0.34915,-0.29672,2.72975E-193,TRUE
BCL6,0.15375,0.19297,-0.07807,8.22524E-106,FALSE
BHLHE22,0.20116,0.24039,-0.03774,2.42491E-101,FALSE
BHLHE23,0.09309,0.13268,-0.18095,3.63940E-119,FALSE
BHLHE40,0.27822,0.30431,0.07071,4.03786E-86,FALSE
BNC2,0.24962,0.34915,-0.29672,2.72975E-193,TRUE
BSX,0.10913,0.15257,-0.174,2.60239E-150,FALSE
CDX2,0.10588,0.14242,-0.11718,8.44626E-125,FALSE
CDX4,0.10143,0.14143,-0.14995,8.66053E-138,FALSE
CEBPA,0.10594,0.16032,-0.29547,3.57552E-162,TRUE
CEBPB,0.14659,0.21305,-0.42137,1.52246E-150,TRUE
CEBPD,0.11942,0.17235,-0.24055,1.26148E-154,FALSE
CEBPE,0.13787,0.20542,-0.43298,1.38585E-154,TRUE
CEBPG,0.11516,0.16658,-0.25336,7.78068E-167,FALSE
CLOCK,0.22919,0.26882,0.00047,5.52802E-01,FALSE
CREB1,0.16001,0.21128,-0.19493,1.71812E-155,FALSE
CREB3,0.32022,0.3537,0.03154,1.20328E-49,FALSE
CREB3L1,0.2572,0.29606,-0.01548,1.05858E-29,FALSE
CREB3L4,0.31045,0.33907,0.05536,3.05256E-82,FALSE
CREB3L4,0.32713,0.36516,-0.08292,2.32967E-93,FALSE
CREM,0.29818,0.34572,-0.10987,1.96062E-107,FALSE
CTCF,0.28949,0.34386,-0.23446,2.15477E-178,FALSE
CTCF,0.27644,0.32159,-0.14897,1.15367E-157,FALSE
CTCF,0.28169,0.32698,-0.14284,1.55933E-152,FALSE
CTCFL,0.3307,0.34209,0.09648,2.67566E-129,FALSE
CUX1,0.09729,0.12926,-0.08362,2.90890E-82,FALSE
HOXB13,0.09639,0.13452,-0.16408,1.36553E-153,FALSE
CUX2,0.0969,0.12889,-0.07913,6.13167E-83,FALSE
DBP,0.12637,0.17323,-0.23389,2.06167E-139,FALSE
DLX1,0.10913,0.15257,-0.174,2.60239E-150,FALSE
DLX6,0.10913,0.15257,-0.174,2.60239E-150,FALSE
DMRT3,0.11854,0.16251,-0.15086,3.32879E-134,FALSE
DMRTA1,0.09901,0.14217,-0.1822,2.67252E-146,FALSE
DMRTA2,0.12756,0.171,-0.13409,1.22157E-139,FALSE
DMRTC2,0.09532,0.13983,-0.20472,1.03589E-149,FALSE
DPRX,0.13407,0.17176,-0.06566,2.87822E-88,FALSE
DRGX,0.08883,0.1375,-0.254,4.00062E-161,FALSE
E2F2,0.29128,0.30806,0.06958,1.49544E-74,FALSE
E2F3,0.20253,0.23466,-0.03686,1.62211E-42,FALSE
ONECUT2,0.11016,0.13383,-0.003,3.51424E-03,FALSE
E2F4,0.32126,0.33452,0.09457,3.62004E-84,FALSE
E2F6,0.35392,0.35021,0.23172,1.27534E-173,TRUE
E2F8,0.40459,0.38671,0.32998,2.62219E-163,TRUE
EBF1,0.2071,0.23882,0.03557,1.97441E-94,FALSE
EBF3,0.21251,0.24175,0.04084,2.46523E-102,FALSE
EGR1,0.41109,0.3972,0.31959,6.93214E-182,TRUE
EGR3,0.42408,0.40476,0.347,3.30809E-182,TRUE
EGR4,0.37595,0.36785,0.26597,2.48216E-174,TRUE
EHF,0.20172,0.25479,-0.14051,2.77465E-154,FALSE
ELF1,0.19811,0.25052,-0.12393,9.83808E-152,FALSE
ELF2,0.30198,0.34784,-0.09564,2.35949E-116,FALSE
ELF3,0.1862,0.239,-0.14121,3.82846E-156,FALSE
ELK1,0.45268,0.48964,-0.03115,4.85276E-59,FALSE
EOMES,0.14053,0.18555,-0.15015,7.54780E-136,FALSE
ETV7,0.28448,0.33237,-0.08803,9.16604E-115,FALSE
HOXA1,0.08883,0.1375,-0.254,4.00062E-161,FALSE
ELK1::HOXB13,0.23742,0.28497,-0.10933,4.97013E-110,FALSE
PAX1,0.23549,0.26751,0.0626,2.08475E-81,FALSE
PAX5,0.3079,0.32267,0.12302,1.55836E-106,FALSE
PAX9,0.22881,0.26337,0.03403,1.30601E-57,FALSE
SPDEF,0.30227,0.33601,0.00815,1.31091E-15,FALSE
ELK1::SREBF2,0.35014,0.37355,0.04536,5.68712E-78,FALSE
SREBF2,0.20709,0.2452,-0.12247,2.77898E-113,FALSE
TEF,0.11425,0.16232,-0.24201,5.12989E-138,FALSE
ELK3,0.5271,0.54921,0.09047,3.66923E-99,FALSE
ELK4,0.35847,0.39932,-0.0566,1.43948E-94,FALSE
EMX1,0.08883,0.1375,-0.254,4.00062E-161,FALSE
EMX2,0.08883,0.1375,-0.254,4.00062E-161,FALSE
EN1,0.08883,0.1375,-0.254,4.00062E-161,FALSE
EN2,0.13971,0.18212,-0.14298,7.85740E-112,FALSE
ERF,0.31282,0.3691,-0.1647,8.26333E-135,FALSE
ERF::FIGLA,0.23816,0.26378,0.0374,1.06773E-84,FALSE
FIGLA,0.16471,0.19806,-0.08943,5.34994E-149,FALSE
ERF::FOXI1,0.16716,0.21968,-0.16004,1.18187E-153,FALSE
ERF::FOXO1,0.15268,0.19995,-0.12438,3.12948E-143,FALSE
ERF::HOXB13,0.14454,0.1908,-0.14715,1.97063E-126,FALSE
MAX,0.2829,0.31451,0.03793,5.31563E-75,FALSE
ERF::NHLH1,0.26375,0.28244,0.07261,1.40747E-107,FALSE
NHLH1,0.21754,0.24769,0.00761,2.28066E-32,FALSE
ERF::SREBF2,0.21814,0.25192,-0.03644,1.48239E-66,FALSE
ESR1,0.16552,0.20629,-0.10645,2.86064E-116,FALSE
ESRRA,0.13892,0.18525,-0.12578,1.63452E-133,FALSE
ESRRB,0.13348,0.17815,-0.12762,2.21194E-131,FALSE
ESX1,0.09496,0.14267,-0.20986,2.27993E-127,FALSE
ETS1,0.33993,0.3947,-0.15773,3.08714E-127,FALSE
ETS2,0.34386,0.39542,-0.11532,1.44608E-118,FALSE
ETV1,0.18331,0.23821,-0.14274,3.41071E-159,FALSE
ETV2,0.23597,0.29487,-0.18167,3.10255E-138,FALSE
ETV2::DRGX,0.14143,0.18916,-0.1505,1.00725E-126,FALSE
ETV2::FIGLA,0.24986,0.27274,0.05217,2.86068E-97,FALSE
ETV2::FOXI1,0.16902,0.22482,-0.17252,1.62420E-155,FALSE
ETV2::HOXB13,0.15749,0.19837,-0.10238,4.92028E-110,FALSE
ETV3,0.36156,0.40687,-0.09528,1.92311E-100,FALSE
ETV4,0.4538,0.49035,-0.02081,4.58171E-47,FALSE
ETV5,0.50516,0.53588,0.03292,1.98291E-52,FALSE
ETV5::DRGX,0.15569,0.20397,-0.13535,1.02481E-127,FALSE
ETV5::FIGLA,0.23428,0.2596,0.028,6.42592E-79,FALSE
ETV5::FOXI1,0.1695,0.21469,-0.09147,2.21668E-124,FALSE
ETV5::FOXO1,0.15516,0.19832,-0.07886,3.88506E-121,FALSE
ETV5::HOXA2,0.16632,0.21592,-0.14067,1.26188E-121,FALSE
HOXA2,0.08883,0.1375,-0.254,4.00062E-161,FALSE
ETV6,0.32016,0.36411,-0.07002,5.47999E-100,FALSE
EVX1,0.08883,0.1375,-0.254,4.00062E-161,FALSE
EVX2,0.08883,0.1375,-0.254,4.00062E-161,FALSE
FEV,0.42856,0.4698,-0.0594,9.95902E-82,FALSE
FLI1,0.37055,0.42043,-0.13409,7.18227E-123,FALSE
FLI1::DRGX,0.17623,0.2313,-0.16616,1.97943E-129,FALSE
FLI1::FOXI1,0.14555,0.19668,-0.15017,3.37620E-149,FALSE
FOS,0.23473,0.3311,-0.30368,7.80196E-195,TRUE
FOS,0.251,0.30159,-0.17393,2.54991E-131,FALSE
FOS::JUN,0.23993,0.33942,-0.32063,6.68180E-193,TRUE
FOS::JUN,0.23521,0.28648,-0.18455,1.84472E-131,FALSE
FOS::JUNB,0.23895,0.33899,-0.3239,3.02928E-199,TRUE
JUNB,0.27884,0.3295,-0.15061,4.06047E-125,FALSE
JUNB,0.23936,0.33863,-0.31689,6.84213E-190,TRUE
FOS::JUND,0.23733,0.33604,-0.32136,3.92709E-198,TRUE
JUND,0.17635,0.23038,-0.1931,7.31311E-151,FALSE
JUND,0.23551,0.33403,-0.32105,7.66019E-195,TRUE
FOSB::JUNB,0.23812,0.33756,-0.32171,3.20332E-190,TRUE
FOSL1,0.23694,0.33523,-0.31637,3.10378E-190,TRUE
FOSL1::JUN,0.23496,0.3329,-0.32005,2.20909E-199,TRUE
FOSL1::JUNB,0.22863,0.32576,-0.32819,4.94537E-195,TRUE
FOSL1::JUND,0.23138,0.32835,-0.32374,5.21288E-196,TRUE
FOSL1::JUND,0.2326,0.2853,-0.1782,4.23371E-137,FALSE
FOSL2,0.22707,0.31964,-0.29561,8.02142E-193,TRUE
FOSL2::JUN,0.24391,0.34449,-0.32161,2.91208E-196,TRUE
FOSL2::JUN,0.23173,0.28659,-0.20984,5.54030E-143,FALSE
FOSL2::JUNB,0.23895,0.33899,-0.3239,3.02928E-199,TRUE
FOSL2::JUNB,0.24437,0.29697,-0.20483,5.24115E-135,FALSE
FOSL2::JUND,0.24037,0.3407,-0.32391,1.00556E-193,TRUE
FOSL2::JUND,0.23288,0.28512,-0.19283,1.15107E-132,FALSE
FOXA1,0.12805,0.16835,-0.09696,1.50406E-120,FALSE
FOXA2,0.12653,0.16702,-0.09645,5.94070E-119,FALSE
FOXA3,0.14576,0.18463,-0.05465,5.61926E-90,FALSE
FOXC2,0.10407,0.14257,-0.11806,4.35376E-138,FALSE
FOXD1,0.14576,0.18463,-0.05465,5.61926E-90,FALSE
FOXD2,0.10319,0.14264,-0.13015,1.00683E-152,FALSE
FOXD3,0.09478,0.13335,-0.155,5.30680E-160,FALSE
FOXE1,0.09942,0.13591,-0.10793,1.82259E-150,FALSE
FOXF2,0.12475,0.1639,-0.09578,5.93469E-124,FALSE
FOXH1,0.11441,0.15548,-0.11873,4.41295E-128,FALSE
FOXJ2::ELF1,0.16118,0.2135,-0.17279,1.32561E-154,FALSE
PITX1,0.11378,0.15315,-0.14711,2.20702E-154,FALSE
FOXK1,0.14576,0.18463,-0.05465,5.61926E-90,FALSE
FOXK2,0.14576,0.18463,-0.05465,5.61926E-90,FALSE
FOXO1::ELF1,0.14315,0.19406,-0.14467,5.28130E-157,FALSE
FOXO1::ELK1,0.15442,0.20562,-0.14471,1.68374E-148,FALSE
FOXO1::ELK3,0.15289,0.20131,-0.12934,5.92859E-139,FALSE
FOXO1::FLI1,0.1369,0.1846,-0.13981,3.47328E-149,FALSE
FOXP1,0.14576,0.18463,-0.05465,5.61926E-90,FALSE
FOXP2,0.12516,0.16387,-0.07116,7.04111E-121,FALSE
GABPA,0.19096,0.2457,-0.14286,2.46737E-157,FALSE
GATA1,0.11884,0.16006,-0.11171,5.80319E-109,FALSE
GATA1::TAL1,0.12337,0.16626,-0.12787,2.13438E-128,FALSE
GATA2,0.11136,0.14907,-0.07372,2.18729E-90,FALSE
GATA4,0.11278,0.15021,-0.0765,3.99230E-109,FALSE
GATA5,0.11544,0.15376,-0.07387,4.41909E-93,FALSE
GATA6,0.10801,0.14643,-0.08528,2.65401E-109,FALSE
GBX1,0.09496,0.14267,-0.20986,2.27993E-127,FALSE
GBX2,0.10913,0.15257,-0.174,2.60239E-150,FALSE
GCM1,0.22808,0.24237,0.09775,5.44005E-103,FALSE
SOX2,0.14627,0.18105,-0.03102,5.06784E-55,FALSE
GCM2,0.18912,0.2152,0.01899,1.14905E-41,FALSE
GFI1,0.14966,0.19087,-0.09228,7.70590E-119,FALSE
GLI3,0.21311,0.24165,-0.00549,1.70961E-13,FALSE
GLIS1,0.25344,0.26714,0.11644,1.07719E-114,FALSE
GRHL1,0.13048,0.16975,-0.10163,3.85860E-105,FALSE
GRHL2,0.14083,0.18243,-0.09197,9.95431E-112,FALSE
GSC,0.11378,0.15315,-0.14711,2.20702E-154,FALSE
GSC2,0.11378,0.15315,-0.14711,2.20702E-154,FALSE
GSX1,0.08883,0.1375,-0.254,4.00062E-161,FALSE
GSX2,0.09782,0.14489,-0.21604,4.27594E-129,FALSE
TCF3,0.19213,0.22327,-0.05907,3.63036E-102,FALSE
HAND2,0.14552,0.19207,-0.12179,3.55103E-156,FALSE
HES1,0.37617,0.3807,0.19415,1.77601E-131,TRUE
HES2,0.32641,0.33895,0.15516,2.47115E-126,FALSE
HESX1,0.10913,0.15257,-0.174,2.60239E-150,FALSE
HEY2,0.29405,0.31489,0.11148,3.47797E-110,FALSE
HIC2,0.16621,0.20294,-0.05197,5.12512E-108,FALSE
HIF1A,0.27158,0.2923,0.13374,9.92078E-131,FALSE
HINFP,0.45223,0.39948,0.56613,7.21321E-181,TRUE
HLF,0.11694,0.16559,-0.22136,1.02283E-151,FALSE
HMBOX1,0.09626,0.14947,-0.26803,5.72747E-139,TRUE
HNF1A,0.0985,0.16904,-0.40562,9.17205E-192,TRUE
HNF4A,0.14877,0.19113,-0.10565,4.09355E-120,FALSE
HNF4A,0.14552,0.1854,-0.07155,1.81714E-115,FALSE
HNF4G,0.147,0.18673,-0.06785,1.69031E-105,FALSE
HOXA10,0.0956,0.13595,-0.17603,4.56735E-155,FALSE
HOXA4,0.12963,0.18634,-0.23338,6.10442E-139,FALSE
HOXA6,0.09782,0.14489,-0.21604,4.27594E-129,FALSE
HOXA7,0.10913,0.15257,-0.174,2.60239E-150,FALSE
HOXA9,0.22571,0.24764,0.03708,6.38204E-21,FALSE
HOXB2,0.08883,0.1375,-0.254,4.00062E-161,FALSE
TBX3,0.13219,0.17553,-0.15014,9.25597E-142,FALSE
HOXB3,0.08883,0.1375,-0.254,4.00062E-161,FALSE
HOXB4,0.11334,0.16537,-0.21898,5.79839E-176,FALSE
HOXB5,0.08883,0.1375,-0.254,4.00062E-161,FALSE
HOXB6,0.09782,0.14489,-0.21604,4.27594E-129,FALSE
HOXB7,0.09782,0.14489,-0.21604,4.27594E-129,FALSE
HOXB8,0.10979,0.15368,-0.15237,3.95136E-118,FALSE
HOXB9,0.11811,0.16006,-0.13146,5.63617E-114,FALSE
HOXC10,0.11005,0.15261,-0.15014,2.05665E-128,FALSE
HOXC11,0.12494,0.16071,-0.10125,6.60383E-93,FALSE
HOXC12,0.11701,0.15826,-0.13385,4.49733E-113,FALSE
HOXC13,0.1146,0.15575,-0.12372,1.67571E-121,FALSE
HOXC4,0.11334,0.16537,-0.21898,5.79839E-176,FALSE
HOXC8,0.08883,0.1375,-0.254,4.00062E-161,FALSE
HOXC9,0.11811,0.16006,-0.13146,5.63617E-114,FALSE
HOXD10,0.12554,0.16672,-0.12038,3.55060E-112,FALSE
HOXD11,0.10512,0.14528,-0.14115,3.77504E-124,FALSE
HOXD12,0.12614,0.1692,-0.13928,2.28653E-116,FALSE
HOXD12::ELK1,0.14332,0.18707,-0.13489,1.84431E-121,FALSE
HOXD4,0.11334,0.16537,-0.21898,5.79839E-176,FALSE
HOXD8,0.1235,0.16693,-0.15509,1.14853E-124,FALSE
HOXD9,0.10171,0.14183,-0.16016,4.78035E-141,FALSE
IKZF1,0.14886,0.19887,-0.13719,1.70779E-157,FALSE
IRF2,0.13535,0.16941,-0.03547,4.37932E-80,FALSE
IRF3,0.13028,0.16447,-0.05974,2.11266E-116,FALSE
IRF4,0.15717,0.18825,-0.01381,4.16558E-34,FALSE
IRF7,0.11665,0.15186,-0.08642,1.14855E-120,FALSE
IRF8,0.15897,0.18937,-0.00672,2.01208E-12,FALSE
ISL2,0.13062,0.17222,-0.11628,6.93684E-138,FALSE
ISX,0.08883,0.1375,-0.254,4.00062E-161,FALSE
JDP2,0.24192,0.29521,-0.18968,2.85923E-133,FALSE
JUN::JUNB,0.24581,0.3421,-0.29535,5.96852E-193,TRUE
JUN::JUNB,0.24194,0.29584,-0.17627,2.53866E-133,FALSE
KLF1,0.3672,0.37821,0.12433,2.20634E-168,FALSE
KLF11,0.3838,0.39615,0.11173,1.87194E-144,FALSE
KLF13,0.37352,0.39537,0.02324,1.70650E-55,FALSE
KLF15,0.54361,0.50474,0.47164,1.71321E-214,TRUE
KLF17,0.24474,0.26611,0.0613,1.54635E-113,FALSE
KLF2,0.39437,0.39631,0.17994,3.36424E-173,TRUE
KLF3,0.4202,0.41461,0.18963,1.88135E-162,TRUE
KLF4,0.33221,0.35094,0.08292,3.07182E-144,FALSE
KLF6,0.41047,0.42027,0.11324,2.32160E-141,FALSE
KLF7,0.44716,0.44677,0.1992,4.75206E-171,TRUE
KLF9,0.28355,0.3124,0.00267,7.52105E-09,FALSE
LBX1,0.09496,0.14267,-0.20986,2.27993E-127,FALSE
LBX2,0.10913,0.15257,-0.174,2.60239E-150,FALSE
LHX2,0.10913,0.15257,-0.174,2.60239E-150,FALSE
LHX5,0.09782,0.14489,-0.21604,4.27594E-129,FALSE
LHX6,0.0935,0.14178,-0.21509,1.43972E-129,FALSE
LHX9,0.11676,0.1619,-0.17747,5.21421E-137,FALSE
LMX1A,0.08684,0.13777,-0.28014,8.50654E-153,TRUE
LMX1B,0.08912,0.13899,-0.26071,7.49854E-154,TRUE
MAF,0.20538,0.2587,-0.10656,1.43453E-120,FALSE
MAF::NFE2,0.22108,0.30268,-0.24118,5.90178E-180,FALSE
NFE2,0.22121,0.31281,-0.3083,3.20536E-191,TRUE
MAFA,0.24197,0.29357,-0.07488,6.15828E-105,FALSE
MAFF,0.13233,0.18163,-0.14936,2.48113E-143,FALSE
MAFG::NFE2L1,0.22148,0.30539,-0.24897,6.17489E-179,FALSE
MAX::MYC,0.2326,0.27107,-0.03707,3.19739E-67,FALSE
MYC,0.27527,0.30887,0.02613,1.65756E-54,FALSE
MAZ,0.30564,0.31138,0.17068,7.22321E-172,FALSE
MEF2A,0.08966,0.12416,-0.13741,2.23537E-154,FALSE
MEF2C,0.09301,0.1279,-0.13284,3.66897E-147,FALSE
MEIS1,0.14992,0.19387,-0.10563,7.73651E-169,FALSE
MEIS1,0.12492,0.17174,-0.1374,1.27194E-131,FALSE
MEIS2,0.1096,0.15343,-0.14885,1.36538E-139,FALSE
MEIS3,0.15186,0.1899,-0.06824,1.40612E-92,FALSE
MEOX1,0.09496,0.14267,-0.20986,2.27993E-127,FALSE
MEOX2,0.09782,0.14489,-0.21604,4.27594E-129,FALSE
MGA::EVX1,0.11944,0.16661,-0.16877,1.58954E-139,FALSE
MITF,0.22412,0.2708,-0.13181,1.48335E-116,FALSE
MIXL1,0.08883,0.1375,-0.254,4.00062E-161,FALSE
MLXIPL,0.29315,0.3216,0.05149,6.70340E-74,FALSE
MNT,0.2829,0.31451,0.03793,5.31563E-75,FALSE
MNX1,0.08883,0.1375,-0.254,4.00062E-161,FALSE
MSANTD3,0.20209,0.22796,0.0342,8.79895E-75,FALSE
MSX1,0.10913,0.15257,-0.174,2.60239E-150,FALSE
MSX2,0.10913,0.15257,-0.174,2.60239E-150,FALSE
MXI1,0.13521,0.1828,-0.14451,1.63339E-155,FALSE
MYB,0.15458,0.19501,-0.0784,1.07906E-130,FALSE
MYCN,0.27583,0.31203,0.00391,9.29929E-05,FALSE
MYF5,0.17863,0.22372,-0.09679,6.94391E-115,FALSE
MYOD1,0.16629,0.20185,-0.07184,7.66679E-117,FALSE
MYOG,0.21737,0.24962,-0.01174,1.48877E-41,FALSE
MZF1,0.18243,0.21427,-0.0128,9.17658E-35,FALSE
NEUROD1,0.15425,0.20087,-0.13074,5.60591E-144,FALSE
NEUROG2,0.15613,0.20096,-0.10634,7.36602E-118,FALSE
NFATC3,0.13317,0.17385,-0.11005,7.44910E-157,FALSE
NFATC4,0.12887,0.16986,-0.13321,3.73061E-134,FALSE
NFIA,0.14842,0.18989,-0.06126,8.25468E-120,FALSE
NFIB,0.19237,0.23709,-0.06638,1.54554E-120,FALSE
NFIC,0.16191,0.20119,-0.03525,9.97370E-95,FALSE
NFIC,0.19032,0.24034,-0.09311,2.30276E-120,FALSE
NFIL3,0.10666,0.15308,-0.22662,5.17496E-161,FALSE
NFIX,0.14842,0.18989,-0.06126,8.25468E-120,FALSE
NFIX,0.20312,0.24769,-0.062,2.56933E-105,FALSE
NFKB2,0.19734,0.21199,0.11674,3.08392E-126,FALSE
NFYA,0.3288,0.35438,0.13529,4.42741E-136,FALSE
NFYB,0.39403,0.43013,-0.05606,1.07568E-92,FALSE
NFYC,0.29323,0.31744,0.16811,7.97881E-140,FALSE
NHLH2,0.2768,0.2897,0.11112,1.16267E-137,FALSE
NKX2-2,0.17934,0.21409,-0.03294,1.11213E-76,FALSE
NKX2-3,0.13963,0.17686,-0.05492,5.89798E-90,FALSE
NKX2-4,0.14409,0.17904,-0.04295,5.44077E-81,FALSE
NKX2-5,0.14588,0.18361,-0.06478,7.03970E-91,FALSE
NKX2-8,0.14002,0.17742,-0.05892,1.65243E-96,FALSE
NKX6-1,0.08684,0.13777,-0.28014,8.50654E-153,TRUE
NKX6-2,0.08883,0.1375,-0.254,4.00062E-161,FALSE
NKX6-3,0.11779,0.16725,-0.19567,5.97087E-144,FALSE
NOTO,0.09496,0.14267,-0.20986,2.27993E-127,FALSE
NR1D1,0.16173,0.20133,-0.08092,2.16326E-112,FALSE
NR1H4::RXRA,0.15438,0.19592,-0.09149,3.38604E-107,FALSE
NR1I2,0.19163,0.21912,-0.01082,1.10167E-25,FALSE
NR1I3,0.12429,0.16548,-0.09841,9.26388E-107,FALSE
NR2C1,0.14285,0.19371,-0.16316,9.02541E-165,FALSE
NR2C2,0.20891,0.23783,0.00613,4.44706E-25,FALSE
NR2C2,0.14285,0.19371,-0.16316,9.02541E-165,FALSE
NR2F1,0.14103,0.18529,-0.1284,3.79193E-144,FALSE
NR2F1,0.16128,0.20669,-0.12132,1.40948E-128,FALSE
NR2F2,0.12947,0.17958,-0.16614,2.04327E-138,FALSE
NR3C1,0.15577,0.1918,-0.04591,3.43258E-65,FALSE
NR3C2,0.15328,0.18968,-0.05395,3.08743E-78,FALSE
NR4A1,0.13176,0.17947,-0.1456,1.90982E-142,FALSE
NR4A2,0.13154,0.1798,-0.15465,1.69379E-144,FALSE
NR4A2::RXRA,0.16856,0.20647,-0.07279,2.66694E-93,FALSE
NR6A1,0.13598,0.17692,-0.11877,1.39168E-124,FALSE
NRL,0.14889,0.19806,-0.1243,9.77904E-125,FALSE
ONECUT1,0.09326,0.12989,-0.13631,4.68685E-128,FALSE
ONECUT3,0.08532,0.12343,-0.18325,3.04970E-145,FALSE
OSR1,0.17452,0.20914,-0.04186,2.66259E-77,FALSE
OSR2,0.17728,0.21269,-0.01966,9.16086E-58,FALSE
OTX1,0.11378,0.15315,-0.14711,2.20702E-154,FALSE
OTX2,0.10569,0.1423,-0.1478,2.92421E-135,FALSE
OVOL1,0.24787,0.26618,0.12634,5.96845E-80,FALSE
OVOL2,0.25997,0.28074,0.1034,4.17664E-64,FALSE
PATZ1,0.39952,0.38925,0.26992,3.13159E-200,TRUE
PAX2,0.27907,0.29586,0.14922,3.11227E-120,FALSE
PAX3,0.1779,0.22058,-0.07178,3.33010E-75,FALSE
PBX1,0.1416,0.17195,0.07052,9.68820E-101,FALSE
PBX2,0.10557,0.1482,-0.15082,4.62015E-145,FALSE
PBX3,0.19683,0.24815,-0.11179,8.71128E-142,FALSE
PDX1,0.08883,0.1375,-0.254,4.00062E-161,FALSE
PHOX2B,0.07609,0.11659,-0.22812,4.95111E-169,FALSE
PITX3,0.11378,0.15315,-0.14711,2.20702E-154,FALSE
PKNOX1,0.18509,0.23618,-0.12126,3.54245E-140,FALSE
PLAGL2,0.24939,0.2609,0.12909,2.82247E-131,FALSE
POU1F1,0.1091,0.15444,-0.22021,3.85276E-168,FALSE
POU2F1,0.12172,0.16614,-0.19828,3.79654E-151,FALSE
POU2F2,0.1159,0.16084,-0.21647,1.68732E-158,FALSE
POU2F3,0.12066,0.16512,-0.18044,9.67675E-152,FALSE
POU3F1,0.10504,0.14839,-0.20974,7.47501E-159,FALSE
POU4F1,0.08679,0.13337,-0.24995,9.42042E-173,FALSE
POU4F2,0.09215,0.13856,-0.22803,9.35168E-166,FALSE
POU4F3,0.08789,0.1359,-0.25906,1.29803E-167,TRUE
POU5F1,0.13302,0.17741,-0.15247,5.15898E-136,FALSE
POU6F1,0.08883,0.1375,-0.254,4.00062E-161,FALSE
POU6F1,0.13273,0.18392,-0.16827,3.99196E-131,FALSE
POU6F2,0.12108,0.17226,-0.19203,1.62197E-146,FALSE
PPARA::RXRA,0.14081,0.18632,-0.13504,1.20039E-140,FALSE
PPARD,0.15159,0.19587,-0.11726,6.61723E-134,FALSE
PPARG,0.15747,0.20485,-0.12378,4.16528E-124,FALSE
PRDM1,0.15461,0.18623,0.00079,3.97981E-02,FALSE
PRDM9,0.2428,0.26186,0.07893,3.15603E-148,FALSE
PRRX1,0.08883,0.1375,-0.254,4.00062E-161,FALSE
PRRX2,0.09496,0.14267,-0.20986,2.27993E-127,FALSE
RARA::RXRG,0.19089,0.22908,-0.05015,6.31992E-95,FALSE
RARB,0.19776,0.23731,-0.06378,3.62548E-85,FALSE
RARG,0.16952,0.21163,-0.08545,1.11149E-98,FALSE
RAX,0.10913,0.15257,-0.174,2.60239E-150,FALSE
RAX2,0.10913,0.15257,-0.174,2.60239E-150,FALSE
RBPJ,0.16783,0.20652,-0.05939,1.24193E-124,FALSE
RELB,0.18433,0.21501,0.002,1.88346E-02,FALSE
REST,0.22302,0.24449,0.04605,2.00288E-97,FALSE
RFX2,0.18367,0.2386,-0.26073,4.11110E-158,TRUE
RFX4,0.21538,0.25471,-0.06535,1.85982E-87,FALSE
RFX5,0.19174,0.24614,-0.24613,1.50130E-147,FALSE
RFX7,0.21842,0.25574,-0.07381,1.41072E-86,FALSE
RHOXF1,0.11378,0.15315,-0.14711,2.20702E-154,FALSE
RORA,0.12208,0.16855,-0.16103,2.69815E-141,FALSE
RORB,0.12475,0.17341,-0.1799,9.54560E-141,FALSE
RORC,0.13087,0.17878,-0.16537,6.89521E-136,FALSE
RREB1,0.1822,0.21428,-0.02611,9.62277E-92,FALSE
RUNX3,0.13674,0.186,-0.16985,1.11811E-145,FALSE
SATB1,0.09809,0.14242,-0.20156,4.01168E-131,FALSE
SCRT1,0.15538,0.19719,-0.13194,2.85645E-130,FALSE
SCRT2,0.15554,0.19406,-0.10361,4.94466E-122,FALSE
SHOX,0.08883,0.1375,-0.254,4.00062E-161,FALSE
SIX1,0.13737,0.17728,-0.1025,1.97093E-121,FALSE
SIX2,0.13362,0.17561,-0.10491,4.79138E-126,FALSE
SMAD2,0.19251,0.22377,-0.01281,1.12370E-57,FALSE
SNAI1,0.19213,0.22327,-0.05907,3.63036E-102,FALSE
SNAI2,0.15071,0.18296,-0.09333,4.51043E-126,FALSE
SNAI3,0.15609,0.18709,-0.08623,1.73994E-127,FALSE
SOHLH2,0.26191,0.28689,0.07358,8.27313E-82,FALSE
SOX10,0.14036,0.17763,-0.04162,3.45081E-109,FALSE
SOX12,0.14346,0.17807,-0.04118,5.18855E-75,FALSE
SOX13,0.14627,0.18105,-0.03102,5.06784E-55,FALSE
SOX14,0.1428,0.17846,-0.03719,2.78618E-65,FALSE
SOX15,0.13616,0.17247,-0.05173,4.48739E-95,FALSE
SOX4,0.14502,0.18099,-0.01222,2.30357E-45,FALSE
SOX8,0.12916,0.16785,-0.04934,1.89030E-81,FALSE
SOX9,0.12689,0.16456,-0.05296,4.05306E-88,FALSE
SP3,0.46087,0.46721,0.14868,5.02419E-164,FALSE
SP5,0.24708,0.27008,0.04079,1.56390E-129,FALSE
SP8,0.34442,0.36176,0.0838,2.04358E-140,FALSE
SP9,0.45112,0.45358,0.19207,6.26423E-168,TRUE
SPIB,0.1773,0.22175,-0.08286,2.78780E-136,FALSE
SPIC,0.14047,0.18221,-0.11255,8.52138E-134,FALSE
SREBF1,0.16032,0.20064,-0.12261,4.43819E-121,FALSE
SRY,0.10421,0.14266,-0.1042,4.11956E-121,FALSE
STAT1,0.15687,0.20145,-0.1062,8.53966E-131,FALSE
STAT1::STAT2,0.12301,0.16082,-0.09811,3.46788E-141,FALSE
STAT3,0.14909,0.19186,-0.107,1.15730E-134,FALSE
TAL1::TCF3,0.13486,0.18122,-0.17023,8.96012E-142,FALSE
TBR1,0.12848,0.17255,-0.15927,4.38011E-139,FALSE
TBX18,0.14455,0.18241,-0.11743,2.59091E-136,FALSE
TBX19,0.12918,0.17492,-0.15073,3.71235E-124,FALSE
TBX2,0.13249,0.17684,-0.15917,6.13136E-138,FALSE
TCF12,0.19213,0.22327,-0.05907,3.63036E-102,FALSE
TCF21,0.13026,0.179,-0.19672,6.61392E-127,FALSE
TCF4,0.18223,0.21183,-0.05195,1.11472E-101,FALSE
TCF7,0.11989,0.1607,-0.09878,1.51454E-105,FALSE
TCF7L2,0.11416,0.15434,-0.10522,1.54324E-125,FALSE
TCFL5,0.51537,0.46838,0.53299,4.92765E-179,TRUE
TEAD1,0.15179,0.20319,-0.13007,2.42149E-140,FALSE
TEAD2,0.15961,0.21177,-0.11419,1.59023E-123,FALSE
TEAD4,0.14741,0.20012,-0.14235,3.38597E-146,FALSE
TFAP2A,0.32332,0.31776,0.2473,2.84648E-175,TRUE
TFAP2A,0.26061,0.27929,0.0884,4.14451E-135,FALSE
TFAP2B,0.28956,0.29504,0.17648,5.59863E-155,TRUE
TFAP2B,0.32909,0.3169,0.27719,1.39950E-177,TRUE
TFAP2C,0.28635,0.29352,0.16745,2.31573E-154,FALSE
TFAP2C,0.24649,0.2613,0.08081,2.27063E-131,FALSE
TFAP2E,0.30905,0.30645,0.22989,1.18966E-163,TRUE
TFAP4::ETV1,0.27904,0.29484,0.09723,1.62911E-128,FALSE
TFAP4::FLI1,0.21154,0.24434,0.00227,1.61309E-03,FALSE
TFCP2,0.15768,0.1958,-0.07297,4.82833E-77,FALSE
TFDP1,0.47699,0.44715,0.40136,2.30323E-184,TRUE
TFEB,0.20918,0.2557,-0.11415,4.29537E-122,FALSE
TFEC,0.26876,0.30701,-0.03279,7.88951E-71,FALSE
THAP1,0.20016,0.24006,-0.04206,4.90033E-107,FALSE
THRA,0.16824,0.20755,-0.09494,5.41557E-133,FALSE
THRB,0.16624,0.20751,-0.09662,1.58173E-120,FALSE
THRB,0.20728,0.23979,-0.01812,1.68439E-37,FALSE
THRB,0.17081,0.2126,-0.09431,3.77732E-123,FALSE
TLX2,0.08883,0.1375,-0.254,4.00062E-161,FALSE
TP73,0.16833,0.20595,-0.06568,2.93809E-81,FALSE
TRPS1,0.10257,0.14067,-0.09953,3.10893E-119,FALSE
TWIST1,0.14273,0.1904,-0.16393,5.26338E-142,FALSE
UNCX,0.08883,0.1375,-0.254,4.00062E-161,FALSE
USF1,0.17688,0.22661,-0.15053,9.49895E-143,FALSE
USF2,0.3064,0.34487,-0.05326,4.24584E-74,FALSE
VAX1,0.09496,0.14267,-0.20986,2.27993E-127,FALSE
VAX2,0.08883,0.1375,-0.254,4.00062E-161,FALSE
VEZF1,0.23022,0.23982,0.15325,7.07081E-157,FALSE
VSX1,0.09496,0.14267,-0.20986,2.27993E-127,FALSE
VSX2,0.09496,0.14267,-0.20986,2.27993E-127,FALSE
XBP1,0.34474,0.37369,0.07394,1.53638E-83,FALSE
YY2,0.42028,0.40589,0.23811,4.21642E-138,TRUE
ZBED1,0.27888,0.28774,0.08929,2.43427E-61,FALSE
ZBED2,0.25192,0.25414,0.17631,1.30628E-106,TRUE
ZBTB12,0.17554,0.20969,-0.04523,4.42693E-86,FALSE
ZBTB14,0.4727,0.43893,0.41426,2.52977E-182,TRUE
ZBTB18,0.12466,0.16992,-0.17517,1.57517E-154,FALSE
ZBTB26,0.16023,0.19606,-0.06802,2.00469E-119,FALSE
ZBTB33,0.53964,0.4716,0.57583,1.53605E-170,TRUE
ZBTB6,0.20076,0.22783,0.0031,6.17758E-10,FALSE
ZBTB7A,0.36754,0.40155,-0.00091,4.05384E-01,FALSE
ZBTB7B,0.24492,0.24998,0.17344,5.99600E-138,TRUE
ZBTB7C,0.24857,0.25552,0.1418,4.04240E-132,FALSE
ZEB1,0.16471,0.19806,-0.08943,5.34994E-149,FALSE
ZFP42,0.20024,0.23551,-0.08269,7.00283E-116,FALSE
ZFP57,0.3553,0.34529,0.282,9.16990E-134,TRUE
ZIC4,0.30262,0.32178,0.06795,1.36328E-107,FALSE
ZIC5,0.33326,0.33906,0.15125,1.36678E-146,FALSE
ZIM3,0.11851,0.15866,-0.11201,3.76392E-145,FALSE
ZKSCAN1,0.15802,0.1982,-0.10748,7.34553E-115,FALSE
ZKSCAN3,0.23846,0.26858,-0.00925,5.01501E-34,FALSE
ZKSCAN5,0.21809,0.25015,-0.02059,4.05624E-75,FALSE
ZNF140,0.17151,0.2059,-0.05989,2.33269E-105,FALSE
ZNF148,0.36109,0.36064,0.21848,1.54597E-192,TRUE
ZNF16,0.20985,0.24303,-0.00968,1.72963E-37,FALSE
ZNF189,0.1779,0.21073,-0.00849,2.28761E-35,FALSE
ZNF211,0.09093,0.13391,-0.21258,8.47040E-141,FALSE
ZNF214,0.13597,0.17905,-0.11315,6.73667E-129,FALSE
ZNF257,0.2321,0.25215,0.04647,9.03236E-121,FALSE
ZNF263,0.24819,0.27578,0.02443,2.97433E-82,FALSE
ZNF274,0.15622,0.19289,-0.05372,2.23093E-95,FALSE
ZNF281,0.34594,0.35009,0.18913,1.45288E-190,TRUE
ZNF282,0.16489,0.19741,-0.0185,3.02784E-51,FALSE
ZNF317,0.16905,0.21173,-0.0548,4.06168E-104,FALSE
ZNF320,0.27025,0.27567,0.17078,1.76100E-172,FALSE
ZNF324,0.15439,0.19379,-0.07769,1.90209E-114,FALSE
ZNF331,0.24034,0.26569,0.05443,1.68692E-110,FALSE
ZNF341,0.18757,0.22047,-0.01194,1.46952E-38,FALSE
ZNF343,0.31465,0.31374,0.20852,2.07696E-151,TRUE
ZNF354A,0.07776,0.11955,-0.25241,3.32072E-180,FALSE
ZNF384,0.08392,0.12691,-0.25929,4.24854E-190,TRUE
ZNF410,0.1179,0.15829,-0.14134,1.48017E-126,FALSE
ZNF416,0.1668,0.20403,-0.07199,1.92801E-117,FALSE
ZNF417,0.27363,0.29107,0.06288,2.54227E-102,FALSE
ZNF449,0.22933,0.26169,-0.012,9.38107E-38,FALSE
ZNF454,0.35454,0.332,0.34531,9.01474E-198,TRUE
ZNF530,0.26502,0.28136,0.10184,4.86352E-146,FALSE
ZNF549,0.24087,0.26451,0.04494,4.02681E-107,FALSE
ZNF574,0.29357,0.3011,0.12667,5.26520E-140,FALSE
ZNF582,0.14385,0.1855,-0.09254,1.32027E-120,FALSE
ZNF610,0.49379,0.4314,0.58823,8.34481E-213,TRUE
ZNF652,0.11536,0.16064,-0.16408,3.17353E-137,FALSE
ZNF667,0.14542,0.18578,-0.07332,5.08236E-110,FALSE
ZNF675,0.15685,0.19424,-0.06454,3.49649E-108,FALSE
ZNF680,0.12391,0.16399,-0.10395,2.85464E-130,FALSE
ZNF682,0.34847,0.35625,0.13235,8.71123E-143,FALSE
ZNF684,0.20194,0.2366,-0.01651,5.55735E-59,FALSE
ZNF692,0.2527,0.27297,0.03796,2.11555E-79,FALSE
ZNF701,0.23835,0.25552,0.09986,5.03778E-146,FALSE
ZNF708,0.20898,0.23975,-0.00549,4.84660E-17,FALSE
ZNF740,0.2553,0.28193,0.04543,2.60920E-102,FALSE
ZNF76,0.24799,0.28396,-0.04169,1.46546E-90,FALSE
ZNF768,0.18007,0.21497,-0.00753,2.94795E-34,FALSE
ZNF784,0.16921,0.19844,-0.06088,1.96573E-81,FALSE
ZNF816,0.21835,0.23918,0.07707,1.90127E-119,FALSE
ZNF85,0.1321,0.17669,-0.13705,1.63838E-135,FALSE
ZNF93,0.42187,0.37798,0.4521,5.60636E-207,TRUE
ZSCAN29,0.2127,0.23422,0.04605,1.45842E-73,FALSE
ZSCAN31,0.19098,0.22848,-0.03713,5.71128E-74,FALSE
Spz1,0.14763,0.17899,-0.03149,2.10357E-72,FALSE
Sox7,0.13871,0.17347,-0.01633,4.93882E-49,FALSE
Ebf4,0.20282,0.23496,0.0288,5.03758E-81,FALSE
Hand1,0.20085,0.23332,-0.01858,1.17240E-56,FALSE
Hmga1,0.07855,0.11593,-0.18898,2.36589E-165,FALSE
Zfp809,0.19157,0.22466,-0.04515,4.62097E-113,FALSE
Zfp961,0.3819,0.35498,0.36141,4.94743E-173,TRUE
Nr1h3,0.14285,0.19371,-0.16316,9.02541E-165,FALSE
Ppara,0.12947,0.17958,-0.16614,2.04327E-138,FALSE
Nanog,0.12866,0.1741,-0.12634,3.26679E-112,FALSE
Zbtb2,0.44481,0.46454,0.09477,2.04742E-107,FALSE
Ahr::Arnt,0.33467,0.33566,0.21521,3.82153E-188,TRUE
Alx1,0.08612,0.13829,-0.28785,1.09310E-152,TRUE
Alx4,0.10519,0.15247,-0.21327,9.37454E-134,FALSE
Ar,0.17376,0.20743,-0.01572,1.82164E-30,FALSE
Arid3b,0.08174,0.12584,-0.24618,2.37648E-144,FALSE
Arid5a,0.07968,0.12291,-0.24765,8.39171E-153,FALSE
Arntl,0.30129,0.32976,0.06209,2.50051E-75,FALSE
Arx,0.10392,0.15206,-0.22499,1.16400E-140,FALSE
Atf3,0.24962,0.34915,-0.29672,2.72975E-193,TRUE
Atoh1,0.09677,0.13871,-0.1869,1.25937E-129,FALSE
Atoh1,0.15613,0.20096,-0.10634,7.36602E-118,FALSE
Bach1::Mafk,0.23822,0.31567,-0.19935,2.05031E-166,FALSE
Jun,0.2402,0.33743,-0.29608,2.61785E-191,TRUE
Bcl11B,0.13263,0.1888,-0.19883,2.23747E-165,FALSE
Bhlha15,0.18575,0.22921,-0.07739,4.18653E-107,FALSE
Creb5,0.23807,0.29163,-0.19632,1.42510E-135,FALSE
Crx,0.11378,0.15315,-0.14711,2.20702E-154,FALSE
Hoxa13,0.10779,0.14525,-0.1165,1.81763E-125,FALSE
Dlx2,0.1236,0.16809,-0.14268,1.00617E-115,FALSE
Dlx3,0.10913,0.15257,-0.174,2.60239E-150,FALSE
Dlx4,0.10913,0.15257,-0.174,2.60239E-150,FALSE
Dlx5,0.1071,0.15121,-0.15114,8.94058E-127,FALSE
Dmbx1,0.12611,0.1644,-0.1125,3.78558E-115,FALSE
Dmrt1,0.10301,0.14535,-0.14948,1.96902E-139,FALSE
Dux,0.12377,0.17575,-0.20838,1.94258E-151,FALSE
Ebf2,0.20307,0.23393,0.03552,3.15969E-85,FALSE
Elf5,0.16061,0.20739,-0.10665,2.86018E-142,FALSE
Foxo1,0.14576,0.18463,-0.05465,5.61926E-90,FALSE
Erg,0.19308,0.24713,-0.13943,8.42033E-153,FALSE
Esrrg,0.14067,0.1872,-0.12522,2.34419E-126,FALSE
Foxf1,0.12542,0.16341,-0.07271,1.15979E-119,FALSE
Foxj3,0.11332,0.15146,-0.10067,2.00381E-133,FALSE
Foxl2,0.1119,0.15171,-0.10751,5.81891E-135,FALSE
Foxo3,0.14576,0.18463,-0.05465,5.61926E-90,FALSE
Gata3,0.10801,0.14643,-0.08527,2.68498E-109,FALSE
Gfi1B,0.14805,0.19317,-0.1097,4.05470E-138,FALSE
Gli1,0.18036,0.21786,-0.06472,4.07437E-105,FALSE
Gli2,0.18641,0.21998,-0.05818,3.04629E-102,FALSE
Gmeb1,0.18935,0.21845,-0.01831,5.02956E-16,FALSE
Hand1::Tcf3,0.13989,0.18118,-0.09754,1.65109E-119,FALSE
Hic1,0.17004,0.21048,-0.07485,2.80088E-112,FALSE
Hmx1,0.10487,0.14867,-0.17,2.07587E-137,FALSE
Hmx2,0.09837,0.14257,-0.19344,2.40927E-150,FALSE
Hmx3,0.10426,0.1483,-0.17574,2.78104E-131,FALSE
Hnf1A,0.12738,0.16696,-0.08072,8.91381E-118,FALSE
Hoxa11,0.12052,0.16283,-0.13343,5.59185E-112,FALSE
Hoxd13,0.10596,0.14172,-0.10876,8.32133E-120,FALSE
Ikzf3,0.19643,0.24889,-0.11546,2.71354E-146,FALSE
Irf1,0.10841,0.14752,-0.12325,2.02182E-152,FALSE
Isl1,0.14641,0.19475,-0.15499,1.48568E-118,FALSE
Lef1,0.12298,0.16364,-0.0936,3.61642E-112,FALSE
Lhx1,0.11105,0.15948,-0.18405,1.00331E-121,FALSE
Lhx3,0.08232,0.13002,-0.26939,2.75586E-170,TRUE
Lhx4,0.08883,0.1375,-0.254,4.00062E-161,FALSE
Lhx8,0.08883,0.1375,-0.254,4.00062E-161,FALSE
Mafb,0.14745,0.19694,-0.1277,2.19555E-132,FALSE
Mafg,0.22058,0.29039,-0.16927,7.05774E-166,FALSE
Mecom,0.10687,0.14497,-0.11102,1.10975E-126,FALSE
Mlxip,0.2829,0.31451,0.03793,5.31563E-75,FALSE
Msgn1,0.13643,0.17904,-0.10922,1.15192E-126,FALSE
Msx3,0.10913,0.15257,-0.174,2.60239E-150,FALSE
Neurod2,0.20116,0.24039,-0.03774,2.42491E-101,FALSE
Neurod2,0.15425,0.20087,-0.13075,5.56379E-144,FALSE
Nfat5,0.1134,0.1547,-0.14158,4.67432E-153,FALSE
Nfatc1,0.13317,0.17385,-0.11005,7.44910E-157,FALSE
Nfatc2,0.12153,0.16343,-0.12981,4.43182E-143,FALSE
Nfe2l2,0.21306,0.29018,-0.22166,5.96915E-174,FALSE
Nkx2-1,0.11757,0.15738,-0.12857,1.15580E-130,FALSE
Nkx3-1,0.13765,0.1742,-0.0726,4.88132E-88,FALSE
Nkx3-2,0.1152,0.15782,-0.14295,6.41578E-135,FALSE
Nobox,0.10913,0.15257,-0.174,2.60239E-150,FALSE
Npas2,0.25265,0.28709,0.01793,8.30290E-36,FALSE
Npas4,0.2782,0.30796,0.0687,2.63018E-65,FALSE
Nr1H2,0.14285,0.19371,-0.16316,9.02541E-165,FALSE
Nr1h3::Rxra,0.14465,0.19311,-0.15692,1.02635E-140,FALSE
Nr1H4,0.14285,0.19371,-0.16316,9.02541E-165,FALSE
Nr2e3,0.13102,0.17052,-0.07322,1.68440E-112,FALSE
Nr2f6,0.15055,0.19832,-0.13037,2.49312E-138,FALSE
NR5A1,0.13431,0.17676,-0.11872,7.31900E-135,FALSE
Nr5A2,0.15027,0.19214,-0.08241,6.79460E-122,FALSE
Nrf1,0.50505,0.46109,0.4612,9.59178E-189,TRUE
Olig2,0.20116,0.24039,-0.03774,2.42491E-101,FALSE
Pax7,0.08576,0.13143,-0.23045,2.86861E-154,FALSE
Plagl1,0.2529,0.27685,0.03739,2.94201E-88,FALSE
Pparg::Rxra,0.17332,0.2119,-0.05051,4.80849E-107,FALSE
Prdm14,0.13989,0.16769,-0.03911,2.68770E-75,FALSE
Prdm15,0.15893,0.19445,-0.05609,1.13930E-100,FALSE
Prdm4,0.15169,0.19234,-0.08854,2.29109E-118,FALSE
Prdm5,0.16376,0.19342,-0.00221,8.65716E-05,FALSE
Ptf1A,0.12988,0.17485,-0.14733,2.25342E-139,FALSE
Ptf1A,0.17781,0.2237,-0.08904,4.61280E-119,FALSE
Ptf1A,0.13489,0.17077,-0.12935,7.20888E-138,FALSE
Rarg,0.11857,0.16132,-0.13475,8.07240E-137,FALSE
Rfx6,0.19645,0.23744,-0.12444,4.40275E-126,FALSE
Rhox11,0.14351,0.18447,-0.10548,1.06826E-114,FALSE
Runx1,0.16002,0.21844,-0.17229,1.11369E-162,FALSE
Shox2,0.08883,0.1375,-0.254,4.00062E-161,FALSE
Six3,0.11681,0.15595,-0.12488,3.12939E-117,FALSE
Six4,0.14485,0.18376,-0.09944,2.55612E-110,FALSE
Smad4,0.14952,0.18586,-0.00611,1.09472E-23,FALSE
Sox11,0.1419,0.17552,-0.00892,2.22630E-29,FALSE
Sox17,0.13901,0.17462,-0.02978,4.53953E-71,FALSE
Sox3,0.14627,0.18105,-0.03102,5.06784E-55,FALSE
Sox5,0.13265,0.16963,-0.03223,1.81149E-75,FALSE
Spi1,0.16966,0.21124,-0.07336,1.78569E-132,FALSE
Stat2,0.10634,0.14495,-0.12578,2.46184E-161,FALSE
Stat4,0.14506,0.1889,-0.10893,3.06456E-139,FALSE
Stat5a,0.14832,0.19008,-0.09001,4.25118E-125,FALSE
Stat5a::Stat5b,0.153,0.19537,-0.09338,1.15114E-128,FALSE
Stat5b,0.16193,0.20316,-0.08463,1.65547E-126,FALSE
Stat6,0.11849,0.16171,-0.14144,2.48028E-145,FALSE
Tbx6,0.15265,0.19425,-0.10775,7.45791E-131,FALSE
Tcf12,0.20116,0.24039,-0.03774,2.42491E-101,FALSE
Tcf21,0.15459,0.19909,-0.10546,7.24367E-117,FALSE
Twist2,0.20116,0.24039,-0.03774,2.42491E-101,FALSE
Vdr,0.13409,0.17068,-0.06904,2.80749E-97,FALSE
Wt1,0.29586,0.30958,0.13079,2.01704E-159,FALSE
Yy1,0.12265,0.15535,-0.1133,2.93186E-133,FALSE
Zfp335,0.16898,0.21305,-0.06671,7.57576E-99,FALSE
Zfx,0.3156,0.32518,0.10199,4.66706E-136,FALSE
Zic1::Zic2,0.20649,0.25199,-0.08206,1.93127E-124,FALSE
Zic2,0.20049,0.24427,-0.07143,7.57329E-127,FALSE
Zic3,0.20649,0.25199,-0.08206,1.93127E-124,FALSE
LIN54,0.1065,0.14774,-0.16291,1.24893E-135,FALSE
TBP,0.08127,0.11928,-0.19594,1.30116E-147,FALSE