name,K1040_GE1_CTRL_mean_score,K1040_GE1_mean_score,K1040_GE1_CTRL_K1040_GE1_change,K1040_GE1_CTRL_K1040_GE1_pvalue,K1040_GE1_CTRL_K1040_GE1_highlighted
Arnt,0.25955,0.29154,-0.10652,2.16281E-115,FALSE
PAX6,0.18537,0.19682,0.05831,1.03651E-92,FALSE
RORA,0.15611,0.17586,-0.02299,2.04607E-60,FALSE
RXRA::VDR,0.1799,0.19845,-0.01253,4.14302E-27,FALSE
REL,0.22921,0.24455,0.02854,2.02672E-69,FALSE
RELA,0.21746,0.23383,0.00962,8.49548E-35,FALSE
NR1H2::RXRA,0.16924,0.19109,-0.03932,8.64460E-83,FALSE
Znf423,0.2218,0.23613,-0.01376,1.59179E-40,FALSE
NFIC::TLX1,0.20918,0.21452,0.14579,3.32038E-137,TRUE
ZNF354C,0.16749,0.18309,-0.02083,2.59826E-70,FALSE
Pou5f1::Sox2,0.13433,0.14469,0.05827,1.52405E-110,FALSE
EWSR1-FLI1,0.20932,0.22847,-0.02948,2.09486E-96,FALSE
Arid3a,0.12366,0.13315,0.06161,4.71728E-125,FALSE
INSM1,0.22148,0.23688,-0.01129,1.00600E-46,FALSE
RARA::RXRA,0.18848,0.21187,-0.07145,2.14116E-115,FALSE
PLAG1,0.23401,0.24932,-0.01736,3.13224E-66,FALSE
Tfcp2l1,0.24908,0.26727,-0.03501,4.31856E-87,FALSE
DUX4,0.14639,0.16021,0.02111,9.05481E-57,FALSE
Sox6,0.16547,0.19,-0.06241,1.47828E-118,FALSE
ESR2,0.19556,0.22476,-0.11988,2.28762E-133,FALSE
SREBF1,0.19399,0.2211,-0.09314,3.74546E-120,FALSE
SREBF2,0.18646,0.21115,-0.07676,2.23320E-108,FALSE
KLF5,0.32621,0.3508,-0.06451,1.45246E-135,FALSE
Atf1,0.34051,0.37579,-0.05393,1.03417E-60,FALSE
Creb3l2,0.29255,0.32516,-0.0979,1.25730E-102,FALSE
FOXG1,0.15938,0.17843,-0.01066,1.01475E-33,FALSE
Foxj2,0.14901,0.16917,-0.02168,4.07816E-59,FALSE
BHLHE41,0.27731,0.31446,-0.13834,1.03947E-104,FALSE
ELF4,0.32402,0.34979,-0.02362,1.17122E-60,FALSE
FOXI1,0.1819,0.20184,-0.00871,3.32656E-24,FALSE
FOXL1,0.1819,0.20184,-0.00871,3.32656E-24,FALSE
HNF1B,0.16999,0.19882,-0.12044,1.13517E-138,FALSE
HSF1,0.15883,0.1747,0.00149,8.23182E-03,FALSE
IRF9,0.16029,0.17604,-0.0168,8.53127E-47,FALSE
JDP2,0.22569,0.31297,-0.46717,4.25680E-200,TRUE
MEF2B,0.11807,0.12754,0.05247,3.94154E-93,FALSE
MLX,0.27286,0.30465,-0.10331,4.00741E-94,FALSE
MSC,0.18052,0.19907,-0.02453,1.14168E-67,FALSE
MYF6,0.16903,0.18717,-0.00807,7.48903E-17,FALSE
NEUROG2,0.15316,0.16629,0.00147,6.78691E-01,FALSE
Nr2e1,0.14554,0.16011,0.02054,2.14446E-61,FALSE
OLIG2,0.12924,0.1341,0.08783,5.80907E-97,FALSE
PAX4,0.13314,0.15457,-0.05238,1.20861E-59,FALSE
Rxra,0.18135,0.20211,-0.03339,3.25381E-77,FALSE
SRF,0.17399,0.1852,0.05023,1.20817E-69,FALSE
TBXT,0.15909,0.18153,-0.0833,1.00551E-91,FALSE
TBX20,0.1559,0.17571,-0.06555,7.61285E-109,FALSE
TFAP4,0.18841,0.21081,-0.05177,1.63208E-93,FALSE
ZIC1,0.27936,0.29335,-0.00935,6.81233E-34,FALSE
PHOX2A,0.1181,0.12779,0.06804,2.83629E-101,FALSE
PROP1,0.11184,0.12196,0.05837,1.90287E-100,FALSE
VENTX,0.15223,0.16862,0.01343,1.94534E-31,FALSE
Nr2F6,0.14772,0.16863,-0.05837,1.32071E-104,FALSE
RARA,0.147,0.16539,-0.03943,2.12668E-82,FALSE
RARA,0.19021,0.21496,-0.0824,3.16098E-111,FALSE
BCL6B,0.16765,0.18171,0.02228,5.15711E-64,FALSE
EGR2,0.34382,0.36348,-0.02052,5.71273E-50,FALSE
GLIS2,0.23573,0.25216,-0.04427,1.22318E-81,FALSE
GLIS3,0.19147,0.21053,-0.0518,3.08420E-86,FALSE
KLF16,0.34877,0.36931,-0.03602,2.13790E-102,FALSE
ZNF143,0.21599,0.23111,-0.00679,5.39780E-15,FALSE
E2F7,0.18674,0.19779,0.05094,6.39676E-81,FALSE
HSF2,0.15497,0.17081,0.00345,2.68182E-05,FALSE
HSF4,0.16745,0.18366,-0.00697,1.31152E-17,FALSE
MEF2D,0.11477,0.12459,0.04783,1.20522E-95,FALSE
MEIS2,0.18623,0.21256,-0.07702,3.50996E-107,FALSE
MYBL1,0.20358,0.21733,0.03823,1.25514E-42,FALSE
MYBL2,0.20278,0.21741,0.01568,1.07806E-16,FALSE
NFKB1,0.19166,0.20923,-0.0331,3.33419E-65,FALSE
PAX3,0.12477,0.13803,0.03325,3.08406E-56,FALSE
PKNOX2,0.15558,0.18574,-0.13328,7.66335E-132,FALSE
POU3F2,0.14622,0.15277,0.10566,2.26473E-131,TRUE
POU3F3,0.13296,0.13862,0.11199,1.57058E-135,TRUE
POU3F4,0.16096,0.16625,0.128,3.68036E-130,TRUE
POU5F1B,0.16046,0.16527,0.12892,7.27153E-133,TRUE
PROX1,0.18295,0.20658,-0.06055,3.95911E-79,FALSE
SMAD3,0.17444,0.19248,-0.04329,8.86482E-55,FALSE
TGIF1,0.15416,0.18279,-0.12526,3.36602E-135,FALSE
TGIF2,0.15517,0.18506,-0.1346,1.11226E-128,FALSE
RUNX2,0.20584,0.23104,-0.07773,1.26789E-100,FALSE
MGA,0.16689,0.19386,-0.12369,1.87168E-134,FALSE
TBX15,0.16767,0.19673,-0.14723,4.54339E-140,FALSE
TBX1,0.16689,0.19617,-0.14956,1.17797E-131,FALSE
TBX4,0.15982,0.18879,-0.14949,2.32606E-135,FALSE
TBX5,0.16143,0.19184,-0.17345,1.48990E-147,TRUE
TEAD3,0.20067,0.22521,-0.04253,2.77649E-89,FALSE
TFAP2B,0.27381,0.28742,0.0001,1.93426E-01,FALSE
TFAP2C,0.27899,0.29228,0.00643,1.05850E-12,FALSE
Ascl2,0.20952,0.22576,-0.01913,5.63126E-62,FALSE
HES7,0.22235,0.24466,-0.06436,2.52189E-83,FALSE
HEY1,0.26899,0.29887,-0.08693,2.32595E-92,FALSE
OLIG1,0.13112,0.13792,0.06342,1.87150E-78,FALSE
OLIG3,0.13531,0.14066,0.08389,1.13683E-94,FALSE
CEBPG,0.19677,0.20006,0.1708,1.48532E-115,TRUE
FOXB1,0.14261,0.14951,0.10829,3.89565E-141,TRUE
FOXC1,0.1417,0.15102,0.0866,3.72555E-130,FALSE
FOXO4,0.1819,0.20184,-0.00871,3.32656E-24,FALSE
FOXO6,0.1819,0.20184,-0.00871,3.32656E-24,FALSE
FOXP3,0.1819,0.20184,-0.00871,3.32656E-24,FALSE
RXRB,0.17916,0.19952,-0.03632,4.87525E-82,FALSE
RXRG,0.17737,0.19758,-0.02962,2.23131E-69,FALSE
Rarb,0.14448,0.16394,-0.03973,2.79026E-86,FALSE
Rarb,0.17904,0.20398,-0.07069,1.27954E-105,FALSE
Rarg,0.17091,0.19279,-0.06132,6.58083E-111,FALSE
TP63,0.17465,0.19806,-0.07002,2.97737E-82,FALSE
TP53,0.18929,0.21361,-0.07801,1.78921E-103,FALSE
GMEB2,0.26747,0.28635,0.01783,3.22674E-09,FALSE
MTF1,0.23418,0.24683,0.01448,1.34677E-34,FALSE
E2F1,0.34216,0.35083,0.04566,3.59990E-48,FALSE
SOX21,0.14638,0.1568,0.042,1.27136E-81,FALSE
Sox1,0.14734,0.16003,0.02598,6.25845E-58,FALSE
TFAP2A,0.27882,0.29186,0.01,4.13555E-22,FALSE
ZNF24,0.15922,0.17198,0.04209,1.43559E-93,FALSE
ZSCAN4,0.17632,0.18805,0.02893,1.94095E-76,FALSE
FOSB::JUN,0.24086,0.27164,-0.08876,8.24866E-95,FALSE
FOSL1::JUN,0.25205,0.2844,-0.09087,5.64794E-95,FALSE
FOSB::JUNB,0.25103,0.28506,-0.10415,5.48864E-107,FALSE
IRF5,0.18853,0.20259,0.01537,7.86595E-36,FALSE
TCF7L1,0.14727,0.16334,-0.00217,1.27298E-03,FALSE
ATOH7,0.15476,0.16575,0.01366,6.62072E-32,FALSE
FERD3L,0.23352,0.25651,-0.05472,3.93085E-96,FALSE
FOXN3,0.14111,0.15852,-0.00537,1.32000E-13,FALSE
HES6,0.20758,0.23414,-0.08291,1.14601E-100,FALSE
IRF6,0.2139,0.22745,0.03092,9.13458E-45,FALSE
NR2F1,0.19456,0.21774,-0.03881,4.96732E-71,FALSE
NR2F6,0.18993,0.21386,-0.04713,4.44871E-73,FALSE
RXRB,0.2029,0.22642,-0.05153,7.56794E-84,FALSE
RXRG,0.21416,0.2382,-0.05909,4.57139E-96,FALSE
SMAD5,0.19664,0.21454,-0.03986,1.29415E-48,FALSE
TFAP4,0.1517,0.16648,-0.01478,8.88370E-30,FALSE
TGIF2LX,0.17355,0.20749,-0.14598,1.82820E-123,FALSE
TGIF2LY,0.17363,0.20901,-0.15191,2.55309E-122,TRUE
ZBTB32,0.15233,0.15768,0.07968,2.07197E-105,FALSE
ZNF135,0.1667,0.18101,-0.03279,1.36875E-102,FALSE
ZNF136,0.15405,0.16616,0.03795,3.11685E-84,FALSE
ZNF382,0.17128,0.18839,-0.0213,5.58350E-55,FALSE
ZNF460,0.24419,0.25837,-0.0173,1.88772E-84,FALSE
ZNF528,0.19785,0.21885,-0.03751,4.46165E-87,FALSE
HOXA5,0.15483,0.17795,-0.03609,3.50689E-63,FALSE
HOXD3,0.13996,0.16153,-0.03686,1.10463E-70,FALSE
NEUROG1,0.13748,0.15142,-0.00492,3.44626E-09,FALSE
ZNF707,0.22169,0.23934,-0.02857,2.35560E-80,FALSE
ZNF8,0.13072,0.13797,0.07403,1.14627E-99,FALSE
Foxn1,0.35224,0.3663,0.02314,1.36937E-65,FALSE
ELK1::HOXA1,0.29984,0.32641,-0.02681,5.85977E-49,FALSE
HOXB2::ELK1,0.26583,0.29014,-0.02806,8.95633E-56,FALSE
POU2F1::SOX2,0.12816,0.13849,0.06052,5.20277E-101,FALSE
ZFP14,0.23753,0.25575,-0.03204,2.39947E-99,FALSE
ZNF418,0.16671,0.18192,-0.01034,1.78348E-46,FALSE
ZNF669,0.284,0.30467,-0.04336,1.78814E-76,FALSE
SP1,0.35585,0.37426,-0.01546,1.59844E-70,FALSE
RFX1,0.24935,0.26703,0.00175,1.84316E-01,FALSE
SP2,0.39708,0.41584,-0.00744,5.98137E-45,FALSE
BHLHA15,0.1562,0.15847,0.0868,5.46818E-90,FALSE
SP4,0.3436,0.36554,-0.04278,1.43990E-111,FALSE
KLF14,0.366,0.38723,-0.03167,7.87671E-98,FALSE
KLF12,0.40496,0.4242,-0.01117,1.76565E-60,FALSE
RFX3,0.25893,0.27668,0.00148,7.85034E-01,FALSE
BHLHE22,0.13401,0.14088,0.05307,3.47803E-64,FALSE
HES5,0.24097,0.26461,-0.0535,6.29218E-73,FALSE
TFE3,0.26268,0.29589,-0.11901,1.04608E-104,FALSE
CDX1,0.13839,0.14687,0.08167,1.11207E-112,FALSE
DUXA,0.1347,0.14912,0.02365,9.93254E-52,FALSE
KLF10,0.35188,0.37297,-0.03385,2.12040E-105,FALSE
NR1D2,0.17545,0.19806,-0.06544,2.21873E-102,FALSE
PITX2,0.14825,0.1629,-0.00097,7.04939E-02,FALSE
SOX18,0.1433,0.16098,-0.01658,4.98691E-40,FALSE
Thap11,0.25148,0.26602,0.00254,1.19262E-02,FALSE
ZNF75D,0.19244,0.20823,-0.00701,3.28924E-22,FALSE
BACH1,0.23469,0.32911,-0.49786,2.09030E-212,TRUE
mix-a,0.12841,0.14787,-0.03587,3.17316E-75,FALSE
ARNT::HIF1A,0.2468,0.26999,-0.03546,1.31220E-97,FALSE
Pgr,0.15309,0.16322,0.05682,2.15261E-102,FALSE
Ddit3::Cebpa,0.16843,0.17842,0.04245,1.44037E-80,FALSE
Foxq1,0.14191,0.15585,0.02232,4.45770E-63,FALSE
HOXB1,0.12967,0.14737,-0.01576,1.77548E-35,FALSE
PAX8,0.26529,0.28133,0.05276,2.51962E-77,FALSE
ZNF524,0.21407,0.22202,0.05494,4.47053E-90,FALSE
ZNF75A,0.1793,0.19464,-0.0114,3.94541E-41,FALSE
ZNF766,0.16263,0.17831,0.00187,7.68713E-04,FALSE
ZNF770,0.21355,0.22826,-0.01814,1.18058E-72,FALSE
ZSCAN16,0.19277,0.20967,-0.00317,4.60892E-07,FALSE
ZNF677,0.15281,0.16663,0.00623,2.45855E-20,FALSE
ZBTB17,0.13238,0.13118,0.19649,7.17418E-102,TRUE
FOXP4,0.1819,0.20184,-0.00871,3.32656E-24,FALSE
FOXS1,0.16659,0.18158,0.03096,2.26326E-73,FALSE
HOXA3,0.13264,0.14933,0.00032,3.52126E-01,FALSE
ZNF184,0.17268,0.18696,0.00213,1.79976E-05,FALSE
ZNF213,0.24322,0.25815,-0.01814,3.07883E-78,FALSE
BCL11A,0.19859,0.22098,-0.06673,8.55833E-96,FALSE
EPAS1,0.30759,0.32435,0.04686,1.83818E-60,FALSE
IKZF2,0.1965,0.21751,-0.0465,2.20575E-123,FALSE
PGR,0.17018,0.18689,0.00494,5.76123E-09,FALSE
ZBED4,0.42744,0.44006,0.03042,1.28194E-87,FALSE
ZBTB11,0.34888,0.37872,-0.06194,1.58502E-96,FALSE
ZBTB24,0.23951,0.25813,-0.04419,3.12247E-105,FALSE
ZNF157,0.15782,0.1693,0.02624,3.95432E-61,FALSE
ZNF175,0.21052,0.23414,-0.05121,2.86729E-110,FALSE
ZNF35,0.12602,0.13389,0.06956,9.42654E-89,FALSE
ZNF547,0.17389,0.1839,0.04982,1.62847E-90,FALSE
ZNF558,0.11895,0.12878,0.05399,1.42259E-109,FALSE
ZSCAN21,0.17058,0.18342,0.02564,3.07254E-56,FALSE
FEZF2,0.20306,0.21819,-0.02275,6.94340E-85,FALSE
ALX3,0.1275,0.14496,-0.01535,8.74968E-46,FALSE
TBX21,0.1578,0.18259,-0.11232,9.85892E-125,FALSE
ARGFX,0.12828,0.14768,-0.03711,8.32610E-71,FALSE
ARNT2,0.27675,0.31266,-0.13014,8.70249E-115,FALSE
ASCL1,0.2253,0.23994,-0.00429,1.38744E-10,FALSE
ASCL1,0.20263,0.22531,-0.09527,5.29339E-134,FALSE
ATF2,0.18307,0.21273,-0.10794,2.71640E-124,FALSE
ATF3,0.25832,0.29603,-0.13147,5.05531E-109,FALSE
ATF4,0.1559,0.16826,0.0383,1.54062E-77,FALSE
ATF6,0.25377,0.2863,-0.10081,1.66436E-104,FALSE
ATF7,0.25492,0.28707,-0.08952,8.49077E-96,FALSE
MAFK,0.22554,0.29101,-0.30008,2.32654E-192,TRUE
BACH2,0.24436,0.33868,-0.47923,1.03463E-201,TRUE
BACH2,0.17971,0.20439,-0.04168,2.72684E-74,FALSE
BARHL1,0.20083,0.21627,0.02617,1.28714E-43,FALSE
BARHL2,0.20083,0.21627,0.02617,1.28714E-43,FALSE
BARX1,0.14095,0.15282,0.04304,3.57233E-88,FALSE
BARX2,0.13861,0.15333,0.01024,4.19881E-35,FALSE
BATF,0.24276,0.34046,-0.50505,2.26113E-209,TRUE
BATF::JUN,0.24276,0.34046,-0.50505,2.26113E-209,TRUE
JUN,0.18954,0.2176,-0.08418,9.66986E-113,FALSE
BATF3,0.24276,0.34046,-0.50505,2.26113E-209,TRUE
BCL6,0.18036,0.19515,0.00635,6.62658E-12,FALSE
BHLHE22,0.21276,0.23005,-0.01704,4.21961E-66,FALSE
BHLHE23,0.12823,0.13293,0.08358,1.60125E-91,FALSE
BHLHE40,0.23785,0.27215,-0.12765,4.35676E-107,FALSE
BNC2,0.24276,0.34046,-0.50505,2.26113E-209,TRUE
BSX,0.14095,0.15282,0.04304,3.57233E-88,FALSE
CDX2,0.13706,0.14284,0.11304,9.62134E-125,TRUE
CDX4,0.13276,0.14107,0.08474,5.20179E-123,FALSE
CEBPA,0.15369,0.15926,0.11609,2.58286E-132,TRUE
CEBPB,0.20036,0.20286,0.20521,1.58180E-116,TRUE
CEBPD,0.15914,0.16478,0.11592,2.96025E-130,TRUE
CEBPE,0.19422,0.19556,0.21152,9.57178E-124,TRUE
CEBPG,0.1529,0.16286,0.06276,5.47525E-100,FALSE
CLOCK,0.25861,0.29041,-0.1019,6.97722E-105,FALSE
CREB1,0.17088,0.20057,-0.11433,1.10977E-134,FALSE
CREB3,0.29171,0.32616,-0.08702,1.30567E-93,FALSE
CREB3L1,0.25045,0.28016,-0.08194,1.50362E-99,FALSE
CREB3L4,0.2809,0.31179,-0.08503,1.46074E-97,FALSE
CREB3L4,0.30171,0.33506,-0.09279,1.39628E-93,FALSE
CREM,0.27706,0.3163,-0.15063,9.88433E-118,TRUE
CTCF,0.33268,0.32069,0.12668,4.87965E-151,TRUE
CTCF,0.30942,0.30765,0.0696,5.59149E-124,FALSE
CTCF,0.31334,0.30924,0.0814,1.81377E-127,FALSE
CTCFL,0.3108,0.3151,0.04337,1.70810E-95,FALSE
CUX1,0.12837,0.12384,0.25194,2.75116E-126,TRUE
HOXB13,0.12708,0.13264,0.09669,1.47548E-129,TRUE
CUX2,0.12467,0.122,0.23283,1.08125E-128,TRUE
DBP,0.15239,0.16173,0.08908,3.09752E-91,TRUE
DLX1,0.14095,0.15282,0.04304,3.57233E-88,FALSE
DLX6,0.14095,0.15282,0.04304,3.57233E-88,FALSE
DMRT3,0.14124,0.15074,0.04482,3.44883E-62,FALSE
DMRTA1,0.13587,0.14173,0.09312,1.60777E-110,TRUE
DMRTA2,0.1641,0.17249,0.05532,4.29411E-106,FALSE
DMRTC2,0.13453,0.14092,0.07871,7.78837E-110,FALSE
DPRX,0.15632,0.1728,0.00026,8.08427E-01,FALSE
DRGX,0.1275,0.14496,-0.01535,8.74968E-46,FALSE
E2F2,0.30952,0.31144,0.08977,8.00001E-82,TRUE
E2F3,0.21529,0.22486,0.05291,2.56283E-50,FALSE
ONECUT2,0.13692,0.12956,0.27918,1.79121E-128,TRUE
E2F4,0.31807,0.32346,0.07578,4.25886E-75,FALSE
E2F6,0.31069,0.32836,-0.01939,1.05968E-62,FALSE
E2F8,0.35007,0.36661,0.01396,6.19355E-27,FALSE
EBF1,0.20903,0.2292,-0.04528,1.36136E-102,FALSE
EBF3,0.20996,0.22971,-0.04159,1.47813E-92,FALSE
EGR1,0.34342,0.36251,-0.02846,1.72302E-79,FALSE
EGR3,0.35152,0.36986,-0.01604,1.21092E-52,FALSE
EGR4,0.3181,0.33751,-0.0347,2.39137E-82,FALSE
EHF,0.22462,0.24781,-0.03853,9.98256E-96,FALSE
ELF1,0.22169,0.24571,-0.05677,3.06808E-116,FALSE
ELF2,0.31227,0.33741,-0.01452,5.04166E-40,FALSE
ELF3,0.21107,0.23343,-0.04044,8.37235E-104,FALSE
ELK1,0.44008,0.47515,-0.05484,2.30793E-87,FALSE
EOMES,0.1602,0.18785,-0.12647,1.48135E-127,FALSE
ETV7,0.29565,0.32257,-0.04262,5.35408E-87,FALSE
HOXA1,0.1275,0.14496,-0.01535,8.74968E-46,FALSE
ELK1::HOXB13,0.25577,0.27642,0.00544,5.53783E-05,FALSE
PAX1,0.24472,0.26187,0.04548,2.05742E-72,FALSE
PAX5,0.27659,0.30676,-0.07934,7.43486E-92,FALSE
PAX9,0.23995,0.25883,0.01623,1.38715E-38,FALSE
SPDEF,0.31081,0.33733,-0.03274,1.38198E-53,FALSE
ELK1::SREBF2,0.3271,0.35397,-0.05163,4.94837E-81,FALSE
SREBF2,0.24851,0.28168,-0.10297,1.98947E-96,FALSE
TEF,0.14791,0.15485,0.10927,2.45904E-99,TRUE
ELK3,0.49948,0.5349,-0.04059,7.26260E-69,FALSE
ELK4,0.36017,0.38961,-0.03636,1.70338E-71,FALSE
EMX1,0.1275,0.14496,-0.01535,8.74968E-46,FALSE
EMX2,0.1275,0.14496,-0.01535,8.74968E-46,FALSE
EN1,0.1275,0.14496,-0.01535,8.74968E-46,FALSE
EN2,0.16923,0.18352,0.03844,9.22319E-59,FALSE
ERF,0.33979,0.37082,-0.04847,2.55964E-78,FALSE
ERF::FIGLA,0.23553,0.25866,-0.05074,8.97783E-95,FALSE
FIGLA,0.16904,0.19681,-0.1491,2.06332E-174,TRUE
ERF::FOXI1,0.20081,0.22218,-0.02719,4.00602E-77,FALSE
ERF::FOXO1,0.18471,0.20456,-0.01841,8.18673E-61,FALSE
ERF::HOXB13,0.17443,0.19056,-0.0015,2.82877E-03,FALSE
MAX,0.25955,0.29154,-0.10652,2.16281E-115,FALSE
ERF::NHLH1,0.25995,0.2772,-0.00316,1.64949E-05,FALSE
NHLH1,0.22332,0.24046,-0.02152,2.09425E-66,FALSE
ERF::SREBF2,0.22223,0.24869,-0.07931,3.29828E-100,FALSE
ESR1,0.18106,0.20481,-0.08515,5.53623E-109,FALSE
ESRRA,0.16387,0.18493,-0.04917,2.12264E-96,FALSE
ESRRB,0.15707,0.17628,-0.03419,1.66548E-70,FALSE
ESX1,0.12741,0.14661,-0.0326,1.63613E-51,FALSE
ETS1,0.33459,0.36588,-0.0525,1.58612E-88,FALSE
ETS2,0.35102,0.38309,-0.06145,1.79702E-85,FALSE
ETV1,0.21324,0.23721,-0.04906,8.35104E-108,FALSE
ETV2,0.26412,0.28808,-0.02172,2.46360E-50,FALSE
ETV2::DRGX,0.17375,0.18697,0.03415,1.42690E-65,FALSE
ETV2::FIGLA,0.24364,0.26516,-0.04371,2.28234E-90,FALSE
ETV2::FOXI1,0.2055,0.2273,-0.02905,2.37217E-81,FALSE
ETV2::HOXB13,0.1882,0.20143,0.03893,5.61575E-63,FALSE
ETV3,0.35989,0.39219,-0.05643,1.87245E-86,FALSE
ETV4,0.44418,0.47888,-0.05245,9.21447E-75,FALSE
ETV5,0.48288,0.51864,-0.04597,1.47859E-67,FALSE
ETV5::DRGX,0.18649,0.20327,0.00511,9.97430E-11,FALSE
ETV5::FIGLA,0.23043,0.2518,-0.05283,5.72853E-105,FALSE
ETV5::FOXI1,0.19821,0.21838,-0.02062,2.99326E-61,FALSE
ETV5::FOXO1,0.18426,0.20395,-0.02001,3.90038E-59,FALSE
ETV5::HOXA2,0.19043,0.213,-0.04077,2.59602E-72,FALSE
HOXA2,0.1275,0.14496,-0.01535,8.74968E-46,FALSE
ETV6,0.3093,0.33601,-0.03985,1.10229E-82,FALSE
EVX1,0.1275,0.14496,-0.01535,8.74968E-46,FALSE
EVX2,0.1275,0.14496,-0.01535,8.74968E-46,FALSE
FEV,0.41761,0.45198,-0.05126,2.36837E-82,FALSE
FLI1,0.37562,0.40637,-0.03696,7.94380E-71,FALSE
FLI1::DRGX,0.2112,0.23127,-0.00225,3.91662E-03,FALSE
FLI1::FOXI1,0.18243,0.20206,-0.0159,4.05386E-59,FALSE
FOS,0.22724,0.31755,-0.47644,1.52903E-207,TRUE
FOS,0.24897,0.28159,-0.11704,2.30917E-110,FALSE
FOS::JUN,0.23717,0.33472,-0.51609,9.40711E-207,TRUE
FOS::JUN,0.2345,0.2668,-0.10144,1.01959E-103,FALSE
FOS::JUNB,0.23715,0.33437,-0.51497,2.51076E-209,TRUE
JUNB,0.26977,0.30362,-0.09806,1.00695E-101,FALSE
JUNB,0.2366,0.33349,-0.51201,2.16540E-212,TRUE
FOS::JUND,0.23586,0.33257,-0.51318,8.42965E-209,TRUE
JUND,0.19353,0.22237,-0.09248,7.05148E-115,FALSE
JUND,0.23393,0.32983,-0.50657,1.06730E-207,TRUE
FOSB::JUNB,0.23634,0.33339,-0.51702,4.67825E-211,TRUE
FOSL1,0.23454,0.33057,-0.50999,8.18901E-215,TRUE
FOSL1::JUN,0.23335,0.32949,-0.51351,3.42629E-208,TRUE
FOSL1::JUNB,0.23069,0.32559,-0.50805,1.99078E-210,TRUE
FOSL1::JUND,0.23052,0.32309,-0.48826,1.36062E-207,TRUE
FOSL1::JUND,0.22927,0.26497,-0.13021,2.84021E-124,FALSE
FOSL2,0.22312,0.30779,-0.44284,5.13726E-205,TRUE
FOSL2::JUN,0.24002,0.3395,-0.5255,4.69304E-208,TRUE
FOSL2::JUN,0.23538,0.26786,-0.0995,2.73429E-108,FALSE
FOSL2::JUNB,0.23665,0.33396,-0.51623,2.60899E-207,TRUE
FOSL2::JUNB,0.24432,0.27715,-0.09975,3.11925E-98,FALSE
FOSL2::JUND,0.23798,0.3359,-0.51725,1.36427E-204,TRUE
FOSL2::JUND,0.23419,0.2661,-0.09655,1.14342E-107,FALSE
FOXA1,0.16611,0.1813,0.03195,1.27379E-77,FALSE
FOXA2,0.16697,0.1809,0.04207,2.38761E-86,FALSE
FOXA3,0.1819,0.20184,-0.00871,3.32656E-24,FALSE
FOXC2,0.14393,0.15723,0.04076,1.58830E-104,FALSE
FOXD1,0.1545,0.1709,0.0077,4.28337E-36,FALSE
FOXD2,0.14612,0.15767,0.05238,1.78273E-109,FALSE
FOXD3,0.12984,0.14343,0.02186,1.79526E-75,FALSE
FOXE1,0.13719,0.15039,0.02469,7.71966E-83,FALSE
FOXF2,0.15616,0.17626,-0.01893,6.80505E-52,FALSE
FOXH1,0.15238,0.1656,0.02926,3.20621E-74,FALSE
FOXJ2::ELF1,0.19639,0.21606,-0.01192,4.42876E-45,FALSE
PITX1,0.13972,0.15249,-0.00074,4.70297E-01,FALSE
FOXK1,0.1819,0.20184,-0.00871,3.32656E-24,FALSE
FOXK2,0.1819,0.20184,-0.00871,3.32656E-24,FALSE
FOXO1::ELF1,0.18001,0.19886,-0.00807,3.18113E-38,FALSE
FOXO1::ELK1,0.18934,0.20934,-0.01934,1.50443E-64,FALSE
FOXO1::ELK3,0.18769,0.20626,-0.00557,2.77731E-15,FALSE
FOXO1::FLI1,0.17297,0.19058,-0.0062,3.53482E-24,FALSE
FOXP1,0.1819,0.20184,-0.00871,3.32656E-24,FALSE
FOXP2,0.15673,0.17524,-0.01359,4.71500E-50,FALSE
GABPA,0.21798,0.2422,-0.05427,8.28652E-112,FALSE
GATA1,0.14458,0.16374,-0.03337,2.63910E-58,FALSE
GATA1::TAL1,0.15276,0.17277,-0.05203,1.33395E-92,FALSE
GATA2,0.132,0.16812,-0.20204,4.57287E-137,TRUE
GATA4,0.13355,0.16643,-0.17055,6.77384E-133,TRUE
GATA5,0.13201,0.17037,-0.21149,5.55437E-140,TRUE
GATA6,0.12808,0.16405,-0.20754,4.98928E-142,TRUE
GBX1,0.12741,0.14661,-0.0326,1.63613E-51,FALSE
GBX2,0.14095,0.15282,0.04304,3.57233E-88,FALSE
GCM1,0.21951,0.23292,0.0073,2.89391E-14,FALSE
SOX2,0.17021,0.18931,-0.03228,2.66739E-56,FALSE
GCM2,0.19105,0.20827,-0.02983,3.14048E-56,FALSE
GFI1,0.17903,0.18998,0.05044,3.06756E-92,FALSE
GLI3,0.20664,0.22646,-0.06646,3.55364E-105,FALSE
GLIS1,0.23013,0.24865,-0.03324,6.99294E-55,FALSE
GRHL1,0.16079,0.1771,-0.0087,4.89505E-15,FALSE
GRHL2,0.17077,0.18849,-0.03149,7.35828E-68,FALSE
GSC,0.13972,0.15249,-0.00074,4.70297E-01,FALSE
GSC2,0.13972,0.15249,-0.00074,4.70297E-01,FALSE
GSX1,0.1275,0.14496,-0.01535,8.74968E-46,FALSE
GSX2,0.13264,0.14933,0.00032,3.52126E-01,FALSE
TCF3,0.20124,0.22838,-0.12741,2.71774E-136,FALSE
HAND2,0.1719,0.19066,-0.0375,8.28756E-105,FALSE
HES1,0.31903,0.34861,-0.07836,7.47070E-94,FALSE
HES2,0.28327,0.31182,-0.07261,4.62892E-91,FALSE
HESX1,0.14095,0.15282,0.04304,3.57233E-88,FALSE
HEY2,0.26715,0.29538,-0.07089,1.13668E-83,FALSE
HIC2,0.18666,0.20188,-0.00883,5.16262E-36,FALSE
HIF1A,0.25484,0.27828,-0.03402,1.00272E-64,FALSE
HINFP,0.36869,0.38105,0.02552,3.51904E-45,FALSE
HLF,0.15494,0.15939,0.13025,3.39760E-121,TRUE
HMBOX1,0.14769,0.16088,0.00897,1.07929E-21,FALSE
HNF1A,0.16219,0.18841,-0.10047,1.06307E-127,FALSE
HNF4A,0.178,0.19515,0.00323,3.35522E-07,FALSE
HNF4A,0.17895,0.19129,0.0346,1.21403E-79,FALSE
HNF4G,0.18036,0.19288,0.03289,9.86609E-87,FALSE
HOXA10,0.127,0.1356,0.08187,3.99686E-119,FALSE
HOXA4,0.16062,0.19002,-0.08333,3.45066E-95,FALSE
HOXA6,0.13264,0.14933,0.00032,3.52126E-01,FALSE
HOXA7,0.14095,0.15282,0.04304,3.57233E-88,FALSE
HOXA9,0.2225,0.23839,0.03238,7.83302E-31,FALSE
HOXB2,0.1275,0.14496,-0.01535,8.74968E-46,FALSE
TBX3,0.15647,0.18168,-0.11378,1.45996E-122,FALSE
HOXB3,0.1275,0.14496,-0.01535,8.74968E-46,FALSE
HOXB4,0.15223,0.17148,-0.01263,2.17291E-51,FALSE
HOXB5,0.1275,0.14496,-0.01535,8.74968E-46,FALSE
HOXB6,0.13264,0.14933,0.00032,3.52126E-01,FALSE
HOXB7,0.13264,0.14933,0.00032,3.52126E-01,FALSE
HOXB8,0.14015,0.15238,0.04021,7.61683E-57,FALSE
HOXB9,0.14931,0.16318,0.03767,7.02199E-61,FALSE
HOXC10,0.14184,0.15489,0.03779,3.21613E-68,FALSE
HOXC11,0.15286,0.16398,0.05578,5.29275E-72,FALSE
HOXC12,0.14759,0.15869,0.06422,7.47364E-82,FALSE
HOXC13,0.1469,0.15726,0.0539,1.01524E-85,FALSE
HOXC4,0.15223,0.17148,-0.01263,2.17291E-51,FALSE
HOXC8,0.1275,0.14496,-0.01535,8.74968E-46,FALSE
HOXC9,0.15048,0.16325,0.04888,3.24511E-71,FALSE
HOXD10,0.15321,0.1681,0.02862,1.49005E-53,FALSE
HOXD11,0.14099,0.152,0.06143,4.30785E-86,FALSE
HOXD12,0.157,0.17112,0.03918,4.45010E-57,FALSE
HOXD12::ELK1,0.1702,0.18601,0.0115,1.60737E-23,FALSE
HOXD4,0.15223,0.17148,-0.01263,2.17291E-51,FALSE
HOXD8,0.15302,0.16659,0.01918,2.35074E-41,FALSE
HOXD9,0.13285,0.14171,0.07885,3.12462E-109,FALSE
IKZF1,0.17923,0.19782,-0.01153,4.91703E-43,FALSE
IRF2,0.15755,0.17172,0.00458,1.41264E-14,FALSE
IRF3,0.15337,0.16792,-0.00247,8.66230E-07,FALSE
IRF4,0.17554,0.19152,-0.00858,1.02300E-20,FALSE
IRF7,0.14024,0.15371,0.00241,5.51292E-04,FALSE
IRF8,0.17728,0.19381,-0.01109,2.39674E-28,FALSE
ISL2,0.15451,0.17063,-0.00577,4.61849E-22,FALSE
ISX,0.1275,0.14496,-0.01535,8.74968E-46,FALSE
JDP2,0.24227,0.27573,-0.10147,4.05611E-107,FALSE
JUN::JUNB,0.2453,0.34189,-0.49973,1.40826E-205,TRUE
JUN::JUNB,0.24021,0.27443,-0.11771,1.35565E-116,FALSE
KLF1,0.31161,0.3356,-0.06289,3.66162E-133,FALSE
KLF11,0.34382,0.36588,-0.0508,1.27595E-109,FALSE
KLF13,0.34566,0.36412,-0.02716,1.49448E-62,FALSE
KLF15,0.44335,0.45966,0.01581,1.14283E-68,FALSE
KLF17,0.23613,0.25419,-0.03614,1.12309E-97,FALSE
KLF2,0.34187,0.36425,-0.04943,2.13725E-114,FALSE
KLF3,0.36124,0.38232,-0.04075,6.21718E-98,FALSE
KLF4,0.3018,0.3258,-0.0654,6.35992E-142,FALSE
KLF6,0.3613,0.38476,-0.06087,8.60393E-113,FALSE
KLF7,0.38755,0.40927,-0.03752,1.97132E-109,FALSE
KLF9,0.26733,0.29051,-0.06444,1.10357E-125,FALSE
LBX1,0.14691,0.16385,0.00036,9.16824E-01,FALSE
LBX2,0.14095,0.15282,0.04304,3.57233E-88,FALSE
LHX2,0.14095,0.15282,0.04304,3.57233E-88,FALSE
LHX5,0.13264,0.14933,0.00032,3.52126E-01,FALSE
LHX6,0.12453,0.14606,-0.05667,4.82726E-76,FALSE
LHX9,0.12741,0.14661,-0.0326,1.63613E-51,FALSE
LMX1A,0.12859,0.14877,-0.04342,2.05789E-70,FALSE
LMX1B,0.12939,0.14961,-0.04018,6.44816E-75,FALSE
MAF,0.22088,0.24778,-0.06486,3.16602E-93,FALSE
MAF::NFE2,0.2205,0.28965,-0.33678,5.06439E-184,TRUE
NFE2,0.2227,0.30485,-0.43059,5.14367E-196,TRUE
MAFA,0.24325,0.27508,-0.08965,3.38580E-107,FALSE
MAFF,0.16403,0.17547,0.04275,1.76222E-82,FALSE
MAFG::NFE2L1,0.22152,0.29307,-0.34913,1.28665E-190,TRUE
MAX::MYC,0.23602,0.2585,-0.06406,8.42673E-90,FALSE
MYC,0.25949,0.29113,-0.10326,4.44453E-104,FALSE
MAZ,0.27894,0.29773,-0.02936,9.21969E-95,FALSE
MEF2A,0.11178,0.12034,0.05997,4.19196E-117,FALSE
MEF2C,0.11575,0.12578,0.04268,1.76493E-104,FALSE
MEIS1,0.16735,0.1942,-0.09889,1.70693E-170,TRUE
MEIS1,0.15339,0.17395,-0.01807,2.38348E-45,FALSE
MEIS2,0.14266,0.15763,0.02148,1.71755E-58,FALSE
MEIS3,0.17523,0.19125,0.01788,1.73454E-42,FALSE
MEOX1,0.12741,0.14661,-0.0326,1.63613E-51,FALSE
MEOX2,0.13264,0.14933,0.00032,3.52126E-01,FALSE
MGA::EVX1,0.15094,0.1689,-0.02812,1.16834E-66,FALSE
MITF,0.22929,0.25952,-0.09531,1.55300E-98,FALSE
MIXL1,0.1275,0.14496,-0.01535,8.74968E-46,FALSE
MLXIPL,0.26383,0.2965,-0.11474,1.07735E-101,FALSE
MNT,0.25955,0.29154,-0.10652,2.16281E-115,FALSE
MNX1,0.1275,0.14496,-0.01535,8.74968E-46,FALSE
MSANTD3,0.20421,0.2268,-0.07269,7.57291E-106,FALSE
MSX1,0.14095,0.15282,0.04304,3.57233E-88,FALSE
MSX2,0.14095,0.15282,0.04304,3.57233E-88,FALSE
MXI1,0.16466,0.18387,-0.03398,9.99842E-99,FALSE
MYB,0.18131,0.19591,0.02336,3.06935E-75,FALSE
MYCN,0.28065,0.31239,-0.09779,1.17408E-97,FALSE
MYF5,0.19703,0.2163,-0.0322,1.47161E-71,FALSE
MYOD1,0.17592,0.19956,-0.09229,1.15500E-123,FALSE
MYOG,0.22689,0.24015,0.01108,5.60257E-34,FALSE
MZF1,0.18952,0.20386,-0.0011,6.57329E-02,FALSE
NEUROD1,0.18283,0.19788,-0.01712,1.31415E-59,FALSE
NEUROG2,0.17103,0.18517,-0.00637,2.90270E-26,FALSE
NFATC3,0.1643,0.17563,0.04221,2.05705E-120,FALSE
NFATC4,0.16172,0.17257,0.05083,1.52825E-99,FALSE
NFIA,0.17758,0.18596,0.09698,3.52631E-135,TRUE
NFIB,0.21748,0.22494,0.12629,4.11284E-145,TRUE
NFIC,0.18695,0.19708,0.07691,1.40914E-108,FALSE
NFIC,0.22652,0.22822,0.2051,1.40634E-158,TRUE
NFIL3,0.14318,0.14753,0.1319,5.74862E-125,TRUE
NFIX,0.17758,0.18596,0.09698,3.52631E-135,TRUE
NFIX,0.23093,0.23289,0.1881,1.39523E-152,TRUE
NFKB2,0.19481,0.21142,-0.02779,5.23298E-66,FALSE
NFYA,0.40165,0.40676,0.1195,1.55224E-122,TRUE
NFYB,0.3824,0.39769,0.04974,1.11909E-90,FALSE
NFYC,0.32642,0.33439,0.09015,4.16973E-118,TRUE
NHLH2,0.25598,0.27685,-0.04831,3.64660E-93,FALSE
NKX2-2,0.19234,0.21057,-0.03573,3.33206E-82,FALSE
NKX2-3,0.16504,0.17943,0.00682,3.37148E-14,FALSE
NKX2-4,0.16803,0.18195,0.00938,2.29563E-20,FALSE
NKX2-5,0.16912,0.1854,-0.00519,1.44467E-07,FALSE
NKX2-8,0.16803,0.18195,0.00938,2.29563E-20,FALSE
NKX6-1,0.12859,0.14877,-0.04342,2.05789E-70,FALSE
NKX6-2,0.1275,0.14496,-0.01535,8.74968E-46,FALSE
NKX6-3,0.15566,0.17374,-0.00892,3.98892E-19,FALSE
NOTO,0.12741,0.14661,-0.0326,1.63613E-51,FALSE
NR1D1,0.17965,0.2005,-0.05737,1.11275E-100,FALSE
NR1H4::RXRA,0.18279,0.20191,0.00009,6.58432E-02,FALSE
NR1I2,0.20633,0.2247,-0.02533,6.78889E-55,FALSE
NR1I3,0.15805,0.16921,0.05554,1.28995E-84,FALSE
NR2C1,0.16575,0.19245,-0.08611,2.71057E-130,FALSE
NR2C2,0.21405,0.23479,-0.04428,7.68009E-101,FALSE
NR2C2,0.16575,0.19245,-0.08611,2.71057E-130,FALSE
NR2F1,0.15953,0.18301,-0.0672,3.51399E-110,FALSE
NR2F1,0.184,0.20776,-0.06395,6.70532E-102,FALSE
NR2F2,0.15437,0.17475,-0.0336,4.41499E-64,FALSE
NR3C1,0.18068,0.19643,0.01074,3.68644E-20,FALSE
NR3C2,0.17808,0.19378,0.01006,5.27552E-21,FALSE
NR4A1,0.16129,0.17875,-0.00283,2.18886E-06,FALSE
NR4A2,0.15896,0.17772,-0.01186,6.60378E-42,FALSE
NR4A2::RXRA,0.19144,0.21371,-0.00868,3.15702E-16,FALSE
NR6A1,0.15839,0.17461,-0.01951,3.25597E-56,FALSE
NRL,0.17548,0.18843,0.03405,3.90498E-73,FALSE
ONECUT1,0.12778,0.1308,0.15182,8.86554E-140,TRUE
ONECUT3,0.12025,0.12481,0.13115,2.59784E-134,TRUE
OSR1,0.21595,0.22525,0.05185,2.76381E-81,FALSE
OSR2,0.19683,0.21452,-0.00433,4.77327E-17,FALSE
OTX1,0.13972,0.15249,-0.00074,4.70297E-01,FALSE
OTX2,0.12965,0.14197,-0.01183,1.62378E-36,FALSE
OVOL1,0.2483,0.2637,0.04643,1.06375E-38,FALSE
OVOL2,0.26303,0.27948,0.04724,1.45027E-33,FALSE
PATZ1,0.34011,0.35832,-0.02233,1.71362E-93,FALSE
PAX2,0.2635,0.2768,0.08069,1.24550E-100,FALSE
PAX3,0.19687,0.21844,-0.01995,4.14867E-32,FALSE
PBX1,0.18386,0.19045,0.09689,2.44140E-113,TRUE
PBX2,0.13478,0.14923,0.02406,1.91943E-62,FALSE
PBX3,0.20613,0.24508,-0.18347,6.95761E-161,TRUE
PDX1,0.1275,0.14496,-0.01535,8.74968E-46,FALSE
PHOX2B,0.10989,0.11779,0.0858,4.52437E-124,FALSE
PITX3,0.13972,0.15249,-0.00074,4.70297E-01,FALSE
PKNOX1,0.19603,0.23328,-0.17535,1.81289E-156,TRUE
PLAGL2,0.22902,0.24582,-0.02808,3.45704E-69,FALSE
POU1F1,0.1489,0.1557,0.09972,1.37740E-127,TRUE
POU2F1,0.1654,0.17044,0.12649,1.34178E-135,TRUE
POU2F2,0.15482,0.16136,0.11158,3.77437E-133,TRUE
POU2F3,0.15883,0.16527,0.10652,1.23026E-129,TRUE
POU3F1,0.14658,0.15151,0.12584,1.22528E-140,TRUE
POU4F1,0.13091,0.14138,0.0583,8.15722E-114,FALSE
POU4F2,0.13419,0.14459,0.05857,7.18570E-106,FALSE
POU4F3,0.13195,0.1427,0.05548,2.55198E-106,FALSE
POU5F1,0.15643,0.16398,0.08623,4.01457E-126,FALSE
POU6F1,0.1275,0.14496,-0.01535,8.74968E-46,FALSE
POU6F1,0.16866,0.18908,-0.02435,1.07474E-57,FALSE
POU6F2,0.15868,0.17951,-0.03125,1.53470E-68,FALSE
PPARA::RXRA,0.16855,0.18807,-0.02367,1.53915E-68,FALSE
PPARD,0.17825,0.19886,-0.03488,1.47017E-71,FALSE
PPARG,0.17381,0.19823,-0.08004,9.47135E-110,FALSE
PRDM1,0.17283,0.18893,-0.02258,4.02113E-66,FALSE
PRDM9,0.23218,0.25152,-0.04322,7.86992E-117,FALSE
PRRX1,0.1275,0.14496,-0.01535,8.74968E-46,FALSE
PRRX2,0.12741,0.14661,-0.0326,1.63613E-51,FALSE
RARA::RXRG,0.20186,0.22787,-0.09274,7.30527E-114,FALSE
RARB,0.20365,0.22893,-0.06296,3.00290E-85,FALSE
RARG,0.18984,0.21366,-0.05739,2.89101E-77,FALSE
RAX,0.14095,0.15282,0.04304,3.57233E-88,FALSE
RAX2,0.14095,0.15282,0.04304,3.57233E-88,FALSE
RBPJ,0.18944,0.20377,0.00704,2.96985E-42,FALSE
RELB,0.19432,0.21033,-0.00644,8.54403E-10,FALSE
REST,0.2268,0.24326,-0.02695,1.78499E-75,FALSE
RFX2,0.23113,0.24718,0.00524,9.20696E-07,FALSE
RFX4,0.2406,0.25673,0.00588,2.40856E-08,FALSE
RFX5,0.23494,0.25109,0.00825,2.16726E-19,FALSE
RFX7,0.24249,0.25545,0.02392,3.85194E-39,FALSE
RHOXF1,0.13972,0.15249,-0.00074,4.70297E-01,FALSE
RORA,0.15105,0.16975,-0.02097,5.08256E-53,FALSE
RORB,0.15846,0.17712,-0.00998,6.90512E-24,FALSE
RORC,0.16388,0.18249,-0.01355,1.19576E-34,FALSE
RREB1,0.18699,0.206,-0.05004,6.01917E-118,FALSE
RUNX3,0.16439,0.18546,-0.06388,6.90999E-106,FALSE
SATB1,0.13057,0.14358,0.02889,8.56090E-50,FALSE
SCRT1,0.17495,0.1959,-0.07615,2.48859E-107,FALSE
SCRT2,0.17444,0.19607,-0.07008,3.53455E-105,FALSE
SHOX,0.14095,0.15282,0.04304,3.57233E-88,FALSE
SIX1,0.16658,0.17945,0.02625,2.40293E-62,FALSE
SIX2,0.16611,0.17767,0.04366,7.78649E-86,FALSE
SMAD2,0.20107,0.22001,-0.0424,2.13208E-105,FALSE
SNAI1,0.19397,0.2203,-0.13115,4.84338E-139,FALSE
SNAI2,0.15845,0.18487,-0.13247,1.48119E-143,TRUE
SNAI3,0.16396,0.18775,-0.11541,1.73769E-142,TRUE
SOHLH2,0.23311,0.26383,-0.11031,1.03973E-100,FALSE
SOX10,0.16522,0.1815,0.00233,5.03068E-07,FALSE
SOX12,0.17195,0.18509,0.03485,1.48051E-58,FALSE
SOX13,0.17021,0.18931,-0.03228,2.66739E-56,FALSE
SOX14,0.16623,0.18486,0.00134,1.56904E-01,FALSE
SOX15,0.14543,0.16588,-0.04861,1.38267E-71,FALSE
SOX4,0.16765,0.19108,-0.04677,1.10661E-98,FALSE
SOX8,0.15653,0.17984,-0.0494,1.06121E-80,FALSE
SOX9,0.15373,0.17427,-0.03445,7.32560E-76,FALSE
SP3,0.40576,0.4282,-0.04214,1.15400E-102,FALSE
SP5,0.23689,0.25663,-0.0469,5.10770E-134,FALSE
SP8,0.31679,0.33654,-0.0379,9.77089E-100,FALSE
SP9,0.3943,0.41414,-0.02393,1.59440E-83,FALSE
SPIB,0.19789,0.21831,-0.03924,9.81653E-98,FALSE
SPIC,0.16849,0.18396,0.00858,2.07330E-25,FALSE
SREBF1,0.16353,0.19479,-0.1513,5.05867E-131,TRUE
SRY,0.13315,0.14877,-0.00249,1.31193E-01,FALSE
STAT1,0.19092,0.20511,0.0302,1.66332E-78,FALSE
STAT1::STAT2,0.14942,0.163,0.00964,5.14715E-46,FALSE
STAT3,0.17876,0.19167,0.02705,8.86055E-81,FALSE
TAL1::TCF3,0.16759,0.17846,0.01312,8.11062E-37,FALSE
TBR1,0.15268,0.17719,-0.10722,1.50948E-129,FALSE
TBX18,0.16048,0.18277,-0.09872,7.88999E-135,FALSE
TBX19,0.1572,0.17848,-0.06004,2.84200E-82,FALSE
TBX2,0.15588,0.1814,-0.11986,9.45877E-132,FALSE
TCF12,0.19397,0.2203,-0.13115,4.84338E-139,FALSE
TCF21,0.16802,0.17488,0.04014,2.91916E-62,FALSE
TCF4,0.18554,0.21023,-0.1161,2.00748E-136,FALSE
TCF7,0.14666,0.162,0.0009,8.55584E-02,FALSE
TCF7L2,0.14206,0.15712,0.00038,8.62801E-01,FALSE
TCFL5,0.39324,0.40816,0.02197,9.06677E-46,FALSE
TEAD1,0.18511,0.20629,-0.02342,7.03613E-66,FALSE
TEAD2,0.19989,0.22259,-0.03646,5.31562E-81,FALSE
TEAD4,0.182,0.20319,-0.02564,2.70040E-77,FALSE
TFAP2A,0.28679,0.30141,-0.0063,1.52450E-24,FALSE
TFAP2A,0.25134,0.2708,-0.03796,2.31924E-90,FALSE
TFAP2B,0.26558,0.28065,-0.00745,5.13168E-30,FALSE
TFAP2B,0.28652,0.29941,0.00762,2.14799E-25,FALSE
TFAP2C,0.26592,0.28094,-0.00762,1.53957E-28,FALSE
TFAP2C,0.23591,0.25185,-0.01684,1.81090E-67,FALSE
TFAP2E,0.2751,0.28974,-0.0056,1.51795E-16,FALSE
TFAP4::ETV1,0.26535,0.28578,-0.02798,2.01741E-71,FALSE
TFAP4::FLI1,0.22044,0.23841,-0.01437,6.20505E-51,FALSE
TFCP2,0.18123,0.19614,0.0242,3.38614E-42,FALSE
TFDP1,0.39925,0.41724,0.00346,2.37681E-05,FALSE
TFEB,0.21305,0.24371,-0.09702,2.73195E-112,FALSE
TFEC,0.2503,0.28386,-0.11949,2.87340E-115,FALSE
THAP1,0.21993,0.24153,-0.05233,8.18154E-111,FALSE
THRA,0.18373,0.20623,-0.07712,4.84766E-123,FALSE
THRB,0.18865,0.20937,-0.03774,3.32470E-78,FALSE
THRB,0.20877,0.23494,-0.0997,3.77762E-106,FALSE
THRB,0.18145,0.20927,-0.11551,1.08451E-136,FALSE
TLX2,0.1275,0.14496,-0.01535,8.74968E-46,FALSE
TP73,0.19228,0.21707,-0.08339,2.51557E-101,FALSE
TRPS1,0.12526,0.15617,-0.16307,1.42796E-137,TRUE
TWIST1,0.17081,0.18824,-0.03017,8.66917E-73,FALSE
UNCX,0.1275,0.14496,-0.01535,8.74968E-46,FALSE
USF1,0.18847,0.22055,-0.12602,5.63968E-130,FALSE
USF2,0.29205,0.32807,-0.11429,5.86115E-98,FALSE
VAX1,0.12741,0.14661,-0.0326,1.63613E-51,FALSE
VAX2,0.1275,0.14496,-0.01535,8.74968E-46,FALSE
VEZF1,0.20567,0.22351,-0.0563,6.51275E-108,FALSE
VSX1,0.12741,0.14661,-0.0326,1.63613E-51,FALSE
VSX2,0.12741,0.14661,-0.0326,1.63613E-51,FALSE
XBP1,0.30587,0.34161,-0.09725,3.20589E-90,FALSE
YY2,0.36604,0.38763,-0.02531,3.11969E-36,FALSE
ZBED1,0.26054,0.27559,-0.00007,4.67393E-01,FALSE
ZBED2,0.23328,0.24818,0.02053,2.25056E-26,FALSE
ZBTB12,0.19009,0.20199,0.0114,7.99395E-32,FALSE
ZBTB14,0.40184,0.41605,0.01264,2.04346E-36,FALSE
ZBTB18,0.15571,0.17497,-0.04452,2.16864E-95,FALSE
ZBTB26,0.18239,0.20005,-0.02068,1.17828E-62,FALSE
ZBTB33,0.45114,0.4679,0.01724,3.54767E-20,FALSE
ZBTB6,0.21092,0.22731,-0.02967,9.59241E-86,FALSE
ZBTB7A,0.36343,0.39351,-0.05541,2.77111E-95,FALSE
ZBTB7B,0.22627,0.2395,-0.00511,2.00181E-07,FALSE
ZBTB7C,0.22522,0.23773,-0.00479,3.34015E-11,FALSE
ZEB1,0.16904,0.19681,-0.1491,2.06332E-174,TRUE
ZFP42,0.2158,0.23416,-0.02887,4.48617E-64,FALSE
ZFP57,0.31449,0.32926,0.04783,1.93157E-55,FALSE
ZIC4,0.27955,0.29232,-0.0048,2.79462E-15,FALSE
ZIC5,0.29633,0.30909,-0.00144,4.63119E-02,FALSE
ZIM3,0.14909,0.16208,0.01497,2.09723E-60,FALSE
ZKSCAN1,0.18374,0.19326,0.02048,2.33545E-44,FALSE
ZKSCAN3,0.24185,0.25917,-0.03987,2.47745E-88,FALSE
ZKSCAN5,0.21036,0.23415,-0.08329,1.43326E-136,FALSE
ZNF140,0.19235,0.20446,0.03635,3.86256E-81,FALSE
ZNF148,0.31789,0.33603,-0.01995,5.43780E-85,FALSE
ZNF16,0.22067,0.23946,-0.03466,1.05500E-87,FALSE
ZNF189,0.19848,0.21327,-0.00037,5.11117E-01,FALSE
ZNF211,0.12402,0.12983,0.05913,3.74577E-82,FALSE
ZNF214,0.16428,0.18142,-0.00581,3.29293E-14,FALSE
ZNF257,0.22571,0.24259,-0.02671,1.34045E-89,FALSE
ZNF263,0.24479,0.26579,-0.04962,1.79174E-103,FALSE
ZNF274,0.17232,0.19129,-0.03657,2.28512E-76,FALSE
ZNF281,0.30541,0.32254,-0.01604,8.97731E-75,FALSE
ZNF282,0.18325,0.1968,0.00415,9.66562E-10,FALSE
ZNF317,0.20437,0.2176,0.00638,8.90316E-30,FALSE
ZNF320,0.24706,0.26309,-0.02401,8.96191E-81,FALSE
ZNF324,0.17681,0.19457,-0.02928,3.38646E-78,FALSE
ZNF331,0.24937,0.26351,-0.00276,1.47340E-09,FALSE
ZNF341,0.2074,0.2205,0.02178,1.90746E-60,FALSE
ZNF343,0.28739,0.30201,0.00053,6.20465E-01,FALSE
ZNF354A,0.11365,0.1215,0.06941,1.15615E-125,FALSE
ZNF384,0.11654,0.12814,0.02525,7.26413E-85,FALSE
ZNF410,0.14448,0.15442,0.04742,4.94004E-82,FALSE
ZNF416,0.18615,0.20102,-0.0064,5.29875E-27,FALSE
ZNF417,0.38986,0.39414,0.06766,1.03262E-85,FALSE
ZNF449,0.23519,0.25458,-0.04021,3.31542E-92,FALSE
ZNF454,0.30385,0.31722,0.00522,6.31233E-25,FALSE
ZNF530,0.25338,0.27141,-0.03393,3.84598E-100,FALSE
ZNF549,0.24126,0.25592,-0.01934,4.80792E-78,FALSE
ZNF574,0.28061,0.29507,-0.01205,1.64524E-40,FALSE
ZNF582,0.16908,0.1836,0.00682,5.86916E-26,FALSE
ZNF610,0.39496,0.40618,0.03995,6.79391E-92,FALSE
ZNF652,0.15004,0.16459,0.00463,4.79695E-11,FALSE
ZNF667,0.17474,0.18901,-0.00032,4.40951E-01,FALSE
ZNF675,0.17673,0.19398,-0.02085,1.17284E-61,FALSE
ZNF680,0.14841,0.1652,-0.01368,1.90544E-47,FALSE
ZNF682,0.30971,0.32616,-0.0145,6.02594E-56,FALSE
ZNF684,0.21402,0.23429,-0.04882,6.95401E-104,FALSE
ZNF692,0.23974,0.25541,-0.02971,6.39185E-75,FALSE
ZNF701,0.23176,0.24867,-0.02282,4.56448E-86,FALSE
ZNF708,0.21498,0.23244,-0.03813,8.27612E-90,FALSE
ZNF740,0.2402,0.26235,-0.0606,2.20581E-112,FALSE
ZNF76,0.26591,0.28177,-0.00888,1.83349E-29,FALSE
ZNF768,0.19602,0.21397,-0.03453,2.23754E-100,FALSE
ZNF784,0.17544,0.19358,-0.06431,8.69795E-88,FALSE
ZNF816,0.21365,0.23517,-0.06203,7.73361E-108,FALSE
ZNF85,0.16205,0.17889,-0.01821,1.18365E-53,FALSE
ZNF93,0.34589,0.3573,0.02384,3.15405E-72,FALSE
ZSCAN29,0.22124,0.23413,0.00289,1.58382E-04,FALSE
ZSCAN31,0.21123,0.22684,0.00567,1.57843E-11,FALSE
Spz1,0.16579,0.17861,0.00026,9.68088E-01,FALSE
Sox7,0.16269,0.18489,-0.04186,8.72722E-89,FALSE
Ebf4,0.20643,0.22615,-0.04221,2.43635E-95,FALSE
Hand1,0.21168,0.22821,-0.02481,6.54487E-73,FALSE
Hmga1,0.10869,0.11427,0.09662,1.06622E-133,TRUE
Zfp809,0.20322,0.21859,-0.01404,1.27195E-58,FALSE
Zfp961,0.32952,0.33516,0.04786,4.04929E-89,FALSE
Nr1h3,0.16575,0.19245,-0.08611,2.71057E-130,FALSE
Ppara,0.15437,0.17475,-0.0336,4.41499E-64,FALSE
Nanog,0.1684,0.17905,0.04538,1.63694E-66,FALSE
Zbtb2,0.41645,0.44719,-0.04315,6.59346E-71,FALSE
Ahr::Arnt,0.29923,0.31765,-0.00517,3.44370E-27,FALSE
Alx1,0.12838,0.14955,-0.05624,1.63034E-82,FALSE
Alx4,0.13773,0.15601,-0.03258,3.50283E-51,FALSE
Ar,0.19514,0.21332,-0.00241,2.47957E-02,FALSE
Arid3b,0.12582,0.13702,0.04972,3.92046E-89,FALSE
Arid5a,0.12442,0.12695,0.1601,3.02617E-127,TRUE
Arntl,0.26705,0.30311,-0.13739,6.43931E-118,FALSE
Arx,0.13588,0.15344,-0.01786,7.51908E-37,FALSE
Atf3,0.24276,0.34046,-0.50505,2.26113E-209,TRUE
Atoh1,0.13031,0.13826,0.05362,3.11108E-76,FALSE
Atoh1,0.18456,0.19604,0.01353,6.92323E-42,FALSE
Bach1::Mafk,0.23409,0.29874,-0.29992,5.11385E-183,TRUE
Jun,0.23579,0.32953,-0.4894,9.87578E-211,TRUE
Bcl11B,0.16829,0.18821,-0.05102,1.55447E-102,FALSE
Bhlha15,0.21153,0.22755,-0.00852,1.50254E-31,FALSE
Creb5,0.24165,0.2738,-0.09385,6.26731E-102,FALSE
Crx,0.13972,0.15249,-0.00074,4.70297E-01,FALSE
Hoxa13,0.1378,0.1438,0.11444,1.03619E-124,TRUE
Dlx2,0.15137,0.16616,0.0273,4.85007E-58,FALSE
Dlx3,0.14095,0.15282,0.04304,3.57233E-88,FALSE
Dlx4,0.14095,0.15282,0.04304,3.57233E-88,FALSE
Dlx5,0.13701,0.15127,0.0222,2.62676E-46,FALSE
Dmbx1,0.15097,0.16408,0.01461,2.55656E-29,FALSE
Dmrt1,0.13857,0.14746,0.07218,3.04460E-102,FALSE
Dux,0.15699,0.17527,-0.01741,8.36872E-45,FALSE
Ebf2,0.204,0.22334,-0.03808,4.81903E-91,FALSE
Elf5,0.18686,0.2083,-0.04387,8.31505E-110,FALSE
Foxo1,0.1819,0.20184,-0.00871,3.32656E-24,FALSE
Erg,0.22019,0.24391,-0.04662,1.94681E-111,FALSE
Esrrg,0.16318,0.18288,-0.03124,9.27753E-73,FALSE
Foxf1,0.1819,0.20184,-0.00871,3.32656E-24,FALSE
Foxj3,0.14892,0.16558,0.00372,8.71600E-10,FALSE
Foxl2,0.15264,0.16574,0.04616,6.88255E-99,FALSE
Foxo3,0.1819,0.20184,-0.00871,3.32656E-24,FALSE
Gata3,0.12463,0.15598,-0.16732,2.88471E-141,TRUE
Gfi1B,0.17656,0.19187,0.00102,9.46634E-03,FALSE
Gli1,0.18919,0.20801,-0.05517,6.49549E-97,FALSE
Gli2,0.18928,0.20777,-0.05446,2.58073E-99,FALSE
Gmeb1,0.19496,0.20415,0.08092,2.58544E-68,FALSE
Hand1::Tcf3,0.17411,0.19033,-0.00463,5.24800E-13,FALSE
Hic1,0.18866,0.20532,-0.01565,1.56008E-40,FALSE
Hmx1,0.13824,0.15106,0.03217,1.05814E-60,FALSE
Hmx2,0.13347,0.146,0.03685,4.95587E-80,FALSE
Hmx3,0.13706,0.15101,0.01854,6.14368E-40,FALSE
Hnf1A,0.15464,0.1724,-0.01352,1.53785E-39,FALSE
Hoxa11,0.15172,0.16585,0.03565,9.82508E-56,FALSE
Hoxd13,0.13673,0.14182,0.12351,2.42031E-121,TRUE
Ikzf3,0.21919,0.24446,-0.06916,2.78387E-125,FALSE
Irf1,0.13586,0.14725,0.02965,3.77660E-88,FALSE
Isl1,0.17591,0.19054,0.01803,1.09833E-30,FALSE
Lef1,0.15117,0.16509,0.01775,8.92960E-47,FALSE
Lhx1,0.14479,0.16689,-0.05205,2.36466E-68,FALSE
Lhx3,0.12408,0.1368,0.03376,8.07843E-80,FALSE
Lhx4,0.1275,0.14496,-0.01535,8.74968E-46,FALSE
Lhx8,0.1275,0.14496,-0.01535,8.74968E-46,FALSE
Mafb,0.17456,0.18749,0.03587,2.17135E-76,FALSE
Mafg,0.21996,0.27402,-0.23428,2.05532E-175,TRUE
Mecom,0.12996,0.15154,-0.06833,9.86739E-98,FALSE
Mlxip,0.25955,0.29154,-0.10652,2.16281E-115,FALSE
Msgn1,0.16559,0.17874,0.01907,1.06183E-53,FALSE
Msx3,0.14095,0.15282,0.04304,3.57233E-88,FALSE
Neurod2,0.21276,0.23005,-0.01704,4.21961E-66,FALSE
Neurod2,0.18283,0.19788,-0.01711,1.38583E-59,FALSE
Nfat5,0.14584,0.15723,0.0411,5.37330E-98,FALSE
Nfatc1,0.1643,0.17563,0.04221,2.05705E-120,FALSE
Nfatc2,0.158,0.16727,0.06719,7.33305E-113,FALSE
Nfe2l2,0.21445,0.27661,-0.29624,3.93991E-180,TRUE
Nkx2-1,0.14402,0.16088,-0.04142,1.29555E-78,FALSE
Nkx3-1,0.16152,0.17482,0.02649,2.13319E-41,FALSE
Nkx3-2,0.14449,0.1578,0.01784,3.72161E-48,FALSE
Nobox,0.14095,0.15282,0.04304,3.57233E-88,FALSE
Npas2,0.24129,0.26907,-0.08177,1.59016E-93,FALSE
Npas4,0.24677,0.27978,-0.11799,1.17225E-78,FALSE
Nr1H2,0.16575,0.19245,-0.08611,2.71057E-130,FALSE
Nr1h3::Rxra,0.16962,0.18958,-0.0614,1.03425E-98,FALSE
Nr1H4,0.16575,0.19245,-0.08611,2.71057E-130,FALSE
Nr2e3,0.16001,0.17192,0.02455,2.11803E-64,FALSE
Nr2f6,0.17777,0.20042,-0.04984,2.33098E-95,FALSE
NR5A1,0.15825,0.17638,-0.03511,1.71825E-81,FALSE
Nr5A2,0.17211,0.19242,-0.05015,2.64789E-95,FALSE
Nrf1,0.43299,0.4428,0.06029,1.38532E-101,FALSE
Olig2,0.21276,0.23005,-0.01704,4.21961E-66,FALSE
Pax7,0.12497,0.13445,0.06867,1.72724E-107,FALSE
Plagl1,0.24396,0.26137,-0.02826,1.10104E-72,FALSE
Pparg::Rxra,0.19048,0.21119,-0.04222,2.28567E-101,FALSE
Prdm14,0.15907,0.16958,0.01931,1.34992E-51,FALSE
Prdm15,0.17977,0.19394,0.0079,1.25303E-24,FALSE
Prdm4,0.17801,0.19266,0.00076,4.11277E-01,FALSE
Prdm5,0.18166,0.19697,-0.00915,2.70950E-33,FALSE
Ptf1A,0.1624,0.17823,-0.0217,6.08776E-62,FALSE
Ptf1A,0.19703,0.2163,-0.0322,1.47161E-71,FALSE
Ptf1A,0.14974,0.17408,-0.11615,4.68746E-132,FALSE
Rarg,0.14489,0.16327,-0.03536,9.28453E-83,FALSE
Rfx6,0.22664,0.24107,0.01709,1.23552E-44,FALSE
Rhox11,0.17497,0.18899,0.00505,7.52519E-07,FALSE
Runx1,0.19125,0.21495,-0.07556,7.31562E-124,FALSE
Shox2,0.1275,0.14496,-0.01535,8.74968E-46,FALSE
Six3,0.14147,0.15386,0.02867,1.98123E-51,FALSE
Six4,0.15714,0.17338,-0.00119,9.45948E-03,FALSE
Smad4,0.14865,0.1659,-0.04083,3.29068E-62,FALSE
Sox11,0.1708,0.18845,0.00285,9.77712E-07,FALSE
Sox17,0.16227,0.18297,-0.03576,9.48063E-75,FALSE
Sox3,0.17021,0.18931,-0.03228,2.66739E-56,FALSE
Sox5,0.15688,0.18077,-0.06387,3.03365E-98,FALSE
Spi1,0.19059,0.2095,-0.02971,7.75715E-95,FALSE
Stat2,0.13381,0.14676,0.01024,6.19742E-53,FALSE
Stat4,0.17495,0.18827,0.03198,3.61661E-88,FALSE
Stat5a,0.17563,0.19104,0.01291,4.62581E-40,FALSE
Stat5a::Stat5b,0.17908,0.19522,-0.00249,2.12895E-06,FALSE
Stat5b,0.18857,0.20297,0.01206,1.66462E-46,FALSE
Stat6,0.14882,0.16163,0.02889,2.23512E-67,FALSE
Tbx6,0.16915,0.19321,-0.10343,1.37086E-127,FALSE
Tcf12,0.21276,0.23005,-0.01704,4.21961E-66,FALSE
Tcf21,0.18058,0.19864,-0.01558,1.95948E-35,FALSE
Twist2,0.21276,0.23005,-0.01704,4.21961E-66,FALSE
Vdr,0.15965,0.17555,-0.00558,3.68792E-09,FALSE
Wt1,0.26883,0.2872,-0.0289,3.09149E-93,FALSE
Yy1,0.14684,0.15833,0.01494,1.20207E-51,FALSE
Zfp335,0.19108,0.2125,-0.04779,1.19718E-84,FALSE
Zfx,0.28924,0.3054,-0.01796,1.77634E-69,FALSE
Zic1::Zic2,0.22878,0.24702,-0.04669,6.20124E-100,FALSE
Zic2,0.21942,0.24014,-0.05646,2.19531E-112,FALSE
Zic3,0.22878,0.24702,-0.04669,6.20124E-100,FALSE
LIN54,0.12905,0.13628,0.08109,9.93278E-121,FALSE
TBP,0.11002,0.11441,0.1099,1.80341E-116,TRUE