"","XP142M_TGc0","XP142T_TGc1","XP158T_TGc1","XP165T_TGc1","XP166T_TGc10","XP183M_TGc1","XP206M_TGc0","XP213T_TGc1","XP213T_TGc2","XP243T_TGc0","XP245T_TGc0","XP250T_TGc1","XP264T_TGc0","XP276T_TGc0","XP289T_TGc0","XP315Th_TGc0","XP315Th_TGc2","XP331Th_TGc0a","XP331Th_TGc0b","XP331Th_TGc1","XP369T_TGc0","XP389Th_TGc0","XP389Th_TGc2","XP394T_TGc0","XP434M_TGc0","XP469T_TGc1","XP469Th_TGc0","XP473Th_TGc0","XP473Th_TGc1","XP519T_TGc0a","XP519T_TGc0b","XP536T_TGc2","XP579T_TGc1","XP607Th_TGc1","XP685T_TGc0a","XP685T_TGc0b","XP700T_TGc1","XP700Th_TGc1","XP740T_TGc2","XP785T_TGc1","XP966T_TGc0","XP976Th_TGc1"
"HIF_meta_gene",0.600745200934043,-0.066077230529775,0.379619239430776,0.533501443319958,0.844641180365908,-0.698526909728865,1.03644299872961,-1.63169862638005,-1.62715776005297,0.893570152853311,-2.10426448676504,-1.65184516144408,-0.210447495896019,1.10815279500884,-0.189525520659626,-0.251100884972021,-0.46955372414223,0.186678135792094,0.152676359547993,0.234175815706959,0.968680511283723,0.745952260288804,1.01219060933172,0.701710642864147,-0.553106302193576,0.290785602588931,1.04925213624223,-0.813345625641361,-1.03914233983231,0.776877744250279,0.793158131218827,-0.81621718725258,0.872914227580308,-1.77961727263341,1.73063241853775,1.80074310320236,-0.319907584849183,1.02473179832105,-1.38130927159486,-0.501440618176353,-0.76987223184118,-0.863676272814165
"HALLMARK_ANGIOGENESIS",-1.75842129944585,-0.788762311390668,-1.0680204608622,-0.634632701730544,-0.290988315691429,-0.86734273725295,0.841448536021916,-1.04041845731735,-1.562371975972,-0.400994865266258,0.698768933996407,-0.345435027373408,-1.84662990676417,1.31994855813469,0.337902840013778,-0.178233070880855,-0.409589354285353,1.1927427247321,-0.168849023574168,-0.92619234481673,1.2285991124667,0.867525549156375,1.55542124461295,0.338435704452529,0.293974086091905,-0.348564539966938,-0.86721300759287,0.0755133105734511,-0.600873239611685,0.542787600711681,0.398842270904814,0.279503856009723,1.75590233385004,-2.25779862971483,0.829652721128801,0.604707620143991,-0.835037794042836,-0.220468303331766,0.614765905117336,1.43880781614264,1.65923397622747,0.542352666395552
"MP6_Hypoxia",0.216866220216128,-0.490175587534966,0.176843893245144,0.497690066618124,0.307654242572273,-1.61155035353151,0.29822084633895,-1.92638555310907,-2.30018273819604,0.939776604338394,-1.50901370454343,-0.780328253336418,0.0626077646490057,0.94263239129988,-0.401162554503809,0.886863151741292,0.640648169109142,0.780207330734564,0.65232085925446,0.864793910866316,1.40896778966234,0.271340472278046,0.609926729463509,0.906036474323747,0.319118485569889,0.359112758505532,0.662784888182309,-0.990384473287527,-1.48376355379511,0.503226521888854,0.497309100941396,-1.31807557923955,1.22966472135136,-1.0863556961929,1.48022671933192,1.53143002093317,-0.503147508539201,0.668678806610478,-1.22559843338221,-0.460183794006269,-0.295441763766089,-1.33319939306211
"HALLMARK_HYPOXIA",-0.0330914397761798,-0.926214001788878,-0.398771873623527,0.272255339221349,0.698248933648795,-1.22204086974281,1.4974551287652,-0.998305746682075,-1.78313032631755,1.29952252157545,-0.675819168022589,-0.24070075147145,-0.367748917342245,-0.151246522313548,-0.545791700057579,-0.15181521464495,0.0250525869128116,1.0698621350397,0.586324112632749,0.994202997656624,0.802414903873876,1.14142715656232,1.10756725255612,0.595117725221877,0.059285883480752,0.0816803289083596,0.997759450167314,-1.75047928784876,-2.1719654570579,0.543083830717057,0.532932713119953,-1.2602471409803,1.56768528862349,-0.865100577773915,1.04741646597092,0.925410516682653,-0.673150054574276,1.43434283167584,-0.777844188924703,-0.20589861523167,-0.207246385201703,-1.87243986363652
"MP1_G2_M",-1.06244225198194,-0.529532526543627,-0.497651243212042,0.00384665671178224,1.86730245461263,-0.398328414166666,1.10405884134536,-0.563243534001405,-0.529919145630992,-1.21657280829613,1.22847453521487,-0.193543031201027,0.739329956283278,1.17369289954671,-1.31766929883452,-0.21210985109947,-0.124976011040593,-1.48806509513933,-0.777775576806315,-1.2376113965372,-0.120610012034028,-0.278643544440394,0.114183013992983,-0.92673947493569,-0.667858949621611,0.359018447283769,-1.23379867298516,-1.07718592698269,-2.03712093442106,1.4800815036977,1.48812189454745,-0.403276713417932,1.56305193476654,0.166391555112778,0.601431898866595,0.707990571224009,0.626653905776686,-0.52535816913881,0.417138249181218,1.46749177615217,0.507575364046862,1.80419712410528
"MP2_G1_S",-0.453023217171891,-1.05409750326716,0.000495685989034476,0.615491021067774,1.28077998763728,-0.413029381297282,0.88648230438395,-0.0826458182162479,0.0533924082343848,-1.57388541857025,0.581939135443399,-0.420257093319137,1.23887229166895,1.1568678663786,-1.82260837679517,0.176918467550333,0.32845678005305,-1.71710719614538,-0.982002091100398,-1.35072509481337,0.139371699689148,-0.469045753462129,0.276472358954479,-1.27694985153,-1.51637996721286,0.774731973203182,-1.25412408391574,-0.943211673181361,-1.98970979945668,1.29633074402356,1.29404855293366,-0.268074624516949,1.01026899816026,0.117388760006581,0.474946693959267,0.467439475526246,0.890357922793665,0.425854200025998,0.965988652199223,0.895263758697578,0.768013859004339,1.4707033463881
"HALLMARK_E2F_TARGETS",-0.765581708282244,-0.916256782066325,-0.472255192130284,0.505409014541279,1.72743418603376,-0.379406883263481,0.922903846181781,-0.500926273433256,-0.60425861235836,-1.12300567471812,0.834753797612345,-0.00701478510721983,1.07001530755855,1.27148360606612,-1.73727723592364,0.116484749983913,0.178560308459729,-1.67680215940035,-1.05360824349327,-1.43930139726203,-0.185915914492034,-0.184497283961028,0.220657683230973,-1.0093191705023,-0.963436871972451,0.653778217016432,-1.0614917906649,-0.921959353891197,-1.65847541604297,1.54729971972772,1.56147671954703,-0.742528759110828,1.27806957345848,-0.166639151386244,0.414618628820622,0.538472986762354,0.684643248665384,-0.165371309403386,0.601784170399822,1.2381076627253,0.552349946101696,1.81702659597265
"HALLMARK_MYC_TARGETS_V1",-0.212410486235368,-0.647078409380995,-0.704632054633148,0.411553302799136,1.67607225505613,-0.589794346015189,0.570433888497373,-1.05891566633979,-1.15741658285753,-0.558208971107489,0.865709311132939,-0.0727248469485542,0.863598276552613,1.18723420895872,-1.53468835260379,0.720746924551827,0.715377633831818,-1.58253417208224,-1.12834771304302,-1.44365102278237,0.327485990298909,-0.0155721214932281,0.449236577409556,-0.435039921141604,-0.879508793045184,0.409972523065903,-0.473613626818184,-0.330292496486237,-0.440053914567995,1.33367868288041,1.30316849464497,-1.69347609508621,1.64674377298267,-1.75055155272519,0.253431336521471,0.364577599781849,-0.17527533709068,-0.59505605127403,0.0444741796344442,1.25524108233074,1.0575119386417,2.02259455418492
"HALLMARK_MYC_TARGETS_V2",-0.265817457593131,-1.14993761493955,-0.70011566631006,0.248461533002029,1.1071825209428,-1.48189255919367,-0.524991795273991,-0.470128311288733,-0.938532535251071,-0.637938574684942,0.882641327776122,-0.376039645552259,0.524075540205231,0.459102802942412,-2.1981907282371,0.745909053518742,0.92194199230463,-1.50818751511473,-0.886470440187444,-1.2589994484319,0.455147642116274,-0.309916465654063,0.566534415691769,-0.42006578386352,-1.42540070975777,0.629595741846569,-0.828318853985063,-0.355022962843027,-0.495871199579752,0.870809886440493,0.867543527479386,0.131714796279962,1.65445025395085,1.81077283640833,-0.101165028052465,-0.469960289534784,0.335012883296046,-0.165790436855786,-0.416119075637037,1.3822490516388,1.69025089106086,2.10147640092054
"HALLMARK_G2M_CHECKPOINT",-0.929899840507597,-0.879348192451753,-0.678332009433656,0.258010572475939,2.01191683873841,-0.47709981140039,1.08351828901296,-0.52896663504337,-0.683945884600747,-0.807862817179002,0.935155564024098,0.0146913832362587,0.809886525809485,1.33802966487805,-1.58972570359947,-0.0246040707982556,0.0213052659768197,-1.36322334575431,-0.859260097963993,-1.23890719784496,-0.0155451157177227,-0.246912801857144,0.158774775065632,-0.865279700481325,-0.799198585462113,0.573393819678826,-0.913691189455982,-0.796110362660202,-1.56415497455551,1.71629232864807,1.76021098387116,-1.16623884752539,1.45333959338107,-0.596374931694086,0.636353693083905,0.659936881102022,0.278616104904239,-0.555901821933285,0.342458976383841,1.33729362818562,0.431948183305267,1.75945086615859
"HALLMARK_MITOTIC_SPINDLE",-1.28288249979536,-0.833591722995366,-1.07714260304536,0.215462581957967,1.14346244681816,0.155912852610257,2.16294198580947,0.0428829188763326,-0.331717454223118,-0.281595256239592,0.888018598120172,0.977234106891534,0.344536710345238,0.576090612725791,-1.06446757260132,-0.417414136259339,-0.629839356181197,-1.00998872304527,-0.879346432803987,-0.948676324470652,0.142765096552622,0.148617748220548,0.118016048660765,-0.710124520446242,-0.245864697927868,0.115135484956778,-0.384749945669845,-0.117911771116526,-0.865070048240422,1.97788767846113,2.0630842702222,-1.29379156078471,0.778795197200366,-1.87564491825751,0.614899007196614,0.596277324970454,-0.420002728245734,-1.06600317398186,-0.201686492694293,0.518749149343235,-0.238508985884269,2.59525110497036
"PT_VCAM1_sig",0.546671754248104,-0.0490572026791114,-0.24351447458281,1.42253540321842,-1.87061700875181,0.637707010407275,0.100746447577059,0.63778080345335,0.0843259889752544,0.297759515048664,-0.700379406743902,0.426532080149513,-1.90032313986564,-0.997730510904913,0.639418741798537,-0.125506418822137,0.213100167733039,-0.487477441155279,-0.313968350560559,0.179860368147544,-2.50536202132251,0.569051632689562,0.233620714787267,1.06227064819276,1.67011965731596,0.484874805098569,0.63836592975675,1.48190236663799,1.42239445675488,0.12319020843962,0.07906270580977,-0.119168206516922,-2.07473752716511,-0.840643564150678,0.935214163833787,1.04912633956724,-0.678263839870043,0.40170765753041,0.209936223850574,0.283205880422371,-0.912869778351665,-2.01086278000121
"PT_enriched",1.17202935443558,1.77132602497411,1.33126837151525,0.670092577956241,-0.851080650504623,0.911813269307498,-1.43109199512489,0.552715068777868,0.80906160113829,0.0790481877918292,-0.791281486183033,-0.928438288082326,-0.233143810965575,-1.12006653543057,2.27696202575808,-0.84298603763696,-0.794615221824295,0.501671251014003,0.618694249133491,0.634129181832467,-1.6016477317312,-0.554538365635087,-0.878763964218429,0.895945711033028,0.432278709909648,0.468621267400551,0.300207048480218,0.858762161982307,0.933082430745156,-0.54784526138643,-0.59422299396355,-0.500007142780706,-0.686895064311673,1.05579529338832,-1.36660512027159,-1.37997154112936,0.765318846015228,0.996120886693683,0.363287015289778,-0.421588687439296,-0.933231578408387,-1.94020905754464
"PT_enriched_broad",1.18707312816032,1.58225927605323,1.1335452504914,0.700777635849511,-1.12873780373124,1.16093464365227,-1.2548175476164,0.659714421579045,0.953158621479689,-0.426137106191135,-0.660804874535821,-0.61289118075801,-0.228216715928294,-1.43842762671415,1.62123781840101,-0.61574159665073,-0.566433491137199,0.133327041839244,0.258524320560168,0.161100601740294,-1.23287849580504,-0.39544723033572,-0.835617364008526,1.16615551698645,1.02257280226761,0.686408858221501,0.957230128467711,1.12990179597928,1.1621951829637,-0.750891052142278,-0.849582448679079,-0.495025937357674,-0.94754197452385,0.416792054307592,-1.5440038566068,-1.61171951877421,0.903287102380884,0.953515175268469,0.580509283689026,-0.523940801416061,-0.312829963370613,-2.09853407405557
"Epithelial_Sig_kidney",1.16856156206334,1.51566589508256,1.1572611208904,0.921547381089671,-1.00617035599309,1.43722104909631,-1.43486650143264,1.0605807935082,1.23981261855079,-0.318433847930053,-0.66463976627621,-0.330333139810004,-0.248202100843048,-1.38650869937791,1.52282901529548,-0.409136419423127,-0.349789959654128,0.00808688700449336,0.12648456355919,0.0999555758619347,-1.02955388392041,-0.718470582007495,-1.06669161693306,1.12121633554448,0.850488787018276,0.429439747091249,0.898220973921348,1.05873897142482,1.13280159791854,-0.719911155466594,-0.789032186737929,-0.954549989298874,-0.902276093484398,0.083372746599422,-1.17966249836975,-1.14636561130749,0.702648304905743,0.835881039329981,0.698868511060257,-0.673075598586002,-0.249181241548852,-2.4928322284154
"MP5_Stress",0.634881409169635,-0.692790630233887,-0.264754477385293,0.767890846768424,0.727772779539466,-1.7394131934689,-1.06355424185923,1.20088245486537,-1.72781913598822,1.55754837328452,0.625703831979243,0.882911171273965,-0.872753133902764,-1.0886865381802,-1.5608913195315,-0.238359098093242,0.727059858859482,-0.153488639312616,-0.617036084374372,-0.096617774958543,0.0488158955969733,-0.0638891660289371,-0.126267780952099,-0.953728210075831,-0.327916546675231,0.957047352165031,0.928406281675662,-2.184320531846,-1.91041300737501,0.0834170697549081,0.0967144047693598,0.515737885030274,0.721006677328155,0.401202385519733,1.38229464782956,1.3255107899714,-0.553849281741955,1.98608040606046,0.851660326027353,-0.114076947864167,0.46535990097995,-0.537279008600844
"MP7_Stress_InVitro",0.484701276138942,-1.15582085304001,0.511765388058852,0.224384773068525,2.14656776665343,-2.07809367786664,-1.5031051224001,-1.28211794525605,-1.85117883864338,1.49357450810573,1.42585642419095,1.11024526037315,0.963362154412352,-0.217920878961613,-0.788814315734112,0.425854146176105,0.798283998529066,0.502166110848691,0.368636405772147,0.591534592632723,-1.19497576926167,-0.118802482182743,-0.262588136919545,-1.18696492240888,-0.308407018998458,0.353775675087327,1.5565766589533,-1.35809824531557,-1.05852425507535,0.389125419912856,0.139870173053902,-0.336818512573607,0.595839661510131,0.349095958520662,-0.641961852398875,-0.788559300648538,-0.452260044865467,0.638220963623412,0.0456654150553726,1.53725636247219,0.639802087719257,-0.707149008318458
"MP19_Epithelial_Senescence",-0.393529705723465,-1.31951337142447,-1.42587936238239,-0.361846012838778,-0.404165393857765,-0.703722116506654,0.67701477515662,-2.08383307042394,-2.19334514188661,1.13136333263773,2.57646014907123,1.15793292774395,-0.181630359180096,-0.998304406634333,-1.37071532959319,0.48107737160674,0.663525346876295,0.410880030096314,0.565952803681724,1.06560788190054,1.63117268023167,0.248783609346644,0.412143361012717,-0.0773743457402493,0.266669591086669,-0.0216405792545053,0.158968237065154,-1.11508032145857,-0.903375604648935,0.465887879988142,0.412697202680482,1.06683113882795,0.846408304914375,0.780505353224789,0.336990032413514,0.147528548094866,-0.0919537173105358,-0.449018013212828,-0.121433923215792,0.139689197186611,0.490583960006755,-1.91831293955838
"MP39_Metal_response",1.00430982728688,-2.1429149537178,-0.12598878493635,1.07737084643167,-0.384345899050397,-1.66998103885906,0.470649606501749,-0.145762427089121,-1.2209633816855,1.41061273353319,-0.535450367730685,1.28147948088398,-1.8233108427622,0.0725146909816205,-0.427984515059038,0.832939795732797,0.514720649429062,0.296637088414188,0.0442138030594454,0.468244427723333,0.550926385146721,1.04108738820831,1.1031077239444,0.9831207444848,0.951337509005397,0.911266664279388,-0.91890660853977,-1.49996443250714,-1.90423362493601,-0.0610875577639078,-0.0815386123529658,-0.637914236631969,1.66531741646678,-0.875989411922976,0.203785594200883,-0.0379184888912784,-0.240266778827576,1.58503565866371,0.200953226571273,-0.688717825842875,0.0710747705342017,-1.31746624237718
"HALLMARK_DNA_REPAIR",0.206133292307274,-0.835080600240522,-0.282837965544543,0.202748538556821,2.04468985601401,-0.628625963908814,-0.754424661619518,-0.843501130340265,-0.883755968917866,-0.896691528513451,0.562475271163964,-0.554851993947347,1.35727224901647,1.23165409174448,-2.33079386930966,0.547140707764638,0.608220156871024,-1.81784727762803,-1.19161255176936,-1.59982042839363,-0.576051862297053,-0.128558060347499,0.339705863677816,-0.929483705610742,-1.29926060268936,0.884857852613062,-0.996189617730105,-0.560009230301023,-0.696731360674029,1.05003413171443,1.05621975206678,0.576356309528221,0.603844587157911,0.0457876428253975,0.511585857261258,0.427348914307777,0.931612992274478,0.0847180604126814,0.78121740139285,1.44079728308936,0.88821434181407,1.42349322620814
"HALLMARK_UV_RESPONSE_DN",-0.923734590800733,-0.407015490713377,-0.681506752419442,0.0574955296808104,-0.246444437036698,-1.11303890509272,2.02140613905976,0.128184071481174,-0.208029802456998,1.40322906532564,-0.0750430156202587,0.590971402859096,-1.84434765891106,1.16076040180384,0.126110738086621,0.300466476800096,-0.247842101190383,0.623485034472522,-0.0827706692137166,-0.145010799233295,-0.534715404197033,1.25759714435423,1.13004584901095,0.135877783307105,0.563530938027285,-0.356364391760595,0.045356849525185,-0.919549650256227,-1.41090826961291,0.663281156169387,0.673718445303364,-2.07712073059618,0.651758540802134,-2.84624741848567,0.702528435396701,0.809915840320365,-1.46645094229675,0.484017820769419,-0.00568379812460637,1.10715484836645,-0.234844058253809,1.18977637535032
"HALLMARK_UV_RESPONSE_UP",-0.561222617875846,-1.49918760287371,-0.445509485339149,-0.452461184422274,0.581434255641305,-2.28143391303122,-1.85211140066867,0.351594197146989,-1.07980648595068,0.534491423103453,1.86119583149511,-0.688112342095075,1.02800376853534,-0.125902983178648,-1.2252994568299,-0.138827791065984,0.649009986692263,0.580566498141947,0.686879470998419,0.812920988698244,0.553046850301883,0.542175424721352,0.727284632945157,-0.457628900513447,-0.968359731757583,0.530338932089187,0.38980516755695,-1.64861936735956,-1.4482951574125,0.593423324647538,0.615714690496529,-1.24397462546937,1.72245579543534,-0.163025966541094,0.210671805565046,-0.26230685779934,0.548502599176321,0.976801375467191,-0.0629276248696664,0.643812867235606,2.03773231507815,-0.572848706115511
"MP12_EMT_I",-1.06947522698733,-1.20558415774777,-0.48854427718728,-0.221396312819952,-0.572896862332228,-1.2777797670462,0.845355801441512,0.716026696524261,-0.0657092555373985,-0.376643457872743,0.35798088745517,0.449828697717497,-0.0918298211307807,0.979361851585877,1.54104924994844,-1.35363591036679,-1.9615512837021,2.46853606961481,0.819891386007476,-0.300924114254733,-0.978901719479015,0.255071687685057,-0.640096873150937,-0.560346817088098,-0.42429863700478,-0.313682600322099,-0.94144056144656,-0.190290665728275,-1.14468906143447,0.412077560540521,0.289591403835172,-0.432717982774021,1.13188275545131,-1.10717199689886,0.889035688148262,0.586134076141072,-0.414963293708601,-0.178024981141813,-0.394655246402059,1.20231092778595,2.70175824791059,1.06135789577191
"MP13_EMT_II",-0.540042855773672,-1.58104899171408,-1.08854913199743,0.753056140115578,-0.346464358142471,-1.77532913092042,1.93270691029352,-0.746055468435893,-0.977273136802451,1.59661741379387,1.77554091811812,0.345136816573194,-1.85706526628547,-0.0201336045079223,-1.44907137886081,-0.378332096508792,-0.468644862757972,0.193743492619186,0.0314257993387234,0.58749436371675,0.176449230755987,1.37827962310699,1.22166521981122,-0.521609613738461,0.50719170104493,-0.131756766322596,-0.315220147903733,-0.663476896453799,-1.43828231638964,1.17503408313415,1.17938416387803,0.39286899299608,0.327425243096204,-1.49967312304977,0.275504860386763,-0.00951191922982691,-0.452679902849526,-0.775761560034192,0.388311732007224,1.20325707282725,0.474942836218706,1.11994591484645
"MP14_EMT_III",0.0219781982994357,-1.47370675744266,-1.03900278898477,-0.0805227735606403,0.733286810406395,-0.48761593559026,1.96816742424045,-1.76282929813455,-2.7588788617579,0.940964484140053,2.16684155745319,0.442332859504828,-0.777758827488698,-1.03047071028198,-1.49144301501705,-0.605289363373307,-0.515391695464254,0.14667202516792,0.0127248494401217,0.49523670610703,1.55455815716779,-0.0187374131152021,0.933779508001055,-0.949750030658793,0.146428881876602,-0.208339832465733,-0.0554726310440823,-0.780701651760747,-1.3260677053069,0.30977348113192,0.204635780191876,0.759317107100251,0.213669142953208,-0.231234845739709,0.571354533894,0.113468627958032,-0.000935983905914873,0.378474877103758,0.395823569418861,1.23245520811112,1.42272666893051,0.429479662494758
"MP15_EMT_IV",0.324123648892966,-2.22495609442773,-0.0556113299995297,-0.210776618429863,-2.38388462160046,-2.15088380764467,0.757864915074578,0.395637541477182,-0.761392763272387,1.44470957431646,-0.482321463876154,1.02970643368902,0.0224830428803419,1.58115103547538,0.0707093369177828,0.50920798314559,0.0760728707858684,0.795128571948985,0.165088261681473,0.675429209798966,-0.498745212088631,0.785484060314455,-0.326043514868942,1.63042791950847,0.866376659744204,0.73208074852045,0.414045686918969,0.459691035612294,-0.0680759245511018,-1.24804976417953,-1.2427124777139,-1.33153769823991,1.38957343971979,-0.819577692084546,0.036159350027429,-0.028597374044456,-0.327234813734456,1.0837924875299,0.185092391815071,0.562336412096007,-0.239023797713239,-1.5929476494221
"HALLMARK_EPITHELIAL_MESENCHYMAL_TRANSITION",-1.16850702584906,-1.30945671712995,-1.05006796582032,-0.00170940119736501,-0.805112161083255,-1.67462066394476,1.18351849905176,-0.693934511544046,-1.18664084165186,0.953242109814951,0.833680130791227,0.413491408935649,-1.52401301709794,1.20737989241633,-0.247504693486164,-0.181681653181105,-0.335271541008003,0.900712578920116,0.0412992970083139,0.0859928974194615,-0.311913081982299,1.42441998745777,1.33647616134252,-0.227513902118481,-0.0180137466112381,-0.0489674089607698,-0.198646606678449,-1.03768218242072,-1.79956618343969,0.860871706495613,0.908480518442223,-0.160190126551854,0.0177535129407399,-2.07143014621107,1.17401992803446,1.13186365771718,-0.45594533559181,0.206876594146596,-0.329351264926706,1.52175048536038,0.828538794226115,1.80737201796557
"MP22_Secreted_I",-0.292031059405577,-1.47950159089429,-1.53760100850664,-0.712093542505302,0.0484922791905198,-2.29925226490604,0.078297273774295,-0.745423863832995,-1.68761896965122,1.17288131293682,1.72766396912339,0.90204949756606,-1.30175229959617,-0.0346463948217788,-1.75045382796655,0.58223431941984,0.91463061686105,-0.0624305502139724,-0.21598683256542,0.119823400108338,0.710983145231208,0.662714082435216,1.05388718294742,-0.5967541659922,-0.316556347020539,0.214776359826851,1.41123109919558,-1.0705296594846,-1.15222587039879,0.368670626112992,0.473741721952036,1.05266009510892,0.508629654498654,-0.558597467146445,1.8196099880971,1.10134715921536,-0.95379651647237,0.961771957645835,-0.254309697772164,0.280604213007517,0.58799660694385,0.26686536795424
"MP23_Secreted_II",-0.706138453877628,-1.439633955364,-1.16597882130963,-0.635989208524886,-0.85058028017987,-1.53797422311318,-0.379873566729108,-1.09051438506631,-1.29604345384781,1.49432300056611,2.08799199836637,1.27921630475377,-0.341907950459292,-1.06984058758527,-1.34325253166974,0.541477649172331,0.694174878915916,0.90203321302076,0.911031168230054,1.17238652389421,1.39490188665856,0.713714782662203,0.432313080163056,0.633129897271494,1.06486280264409,0.214447775804716,0.128999729095104,0.00706296316601706,0.20241947095685,-0.016445734901036,-0.0821664154744429,0.431251929113125,-0.319274389696514,1.21545953142708,-0.0133993117066858,-0.349537122953733,0.0797966530383047,0.22406632580101,-0.704371805426817,0.118120764768053,0.335745401134277,-2.93600553273747
"MP38_Glutathione",1.29418125601218,1.3904165306271,1.13977150869045,0.893959237448074,-0.982252859017747,1.21906930686492,-1.30584950237652,0.770266479079105,0.981638754664431,-0.165633673268246,-0.520116718363672,-0.667469358263715,-0.0597940006587343,-1.33365798546855,1.28718398887188,-0.632416980089679,-0.594795930484099,0.0432152071091339,0.173042147664028,0.148003010305689,-1.27011412454519,-0.819518185426429,-1.29658907657972,1.02880158978475,1.13266280083072,0.881663681043993,1.01928830737469,0.894872021446377,1.00780744022342,-0.613188867563453,-0.677407536767062,-0.630223555456778,-0.9535138398946,0.583070140456875,-1.43721801949754,-1.50022667414101,0.977185716294186,0.894085860492819,0.822276012621639,-0.39663341569461,-0.482550577349989,-2.24329011699913
"HALLMARK_ESTROGEN_RESPONSE_EARLY",0.406016521835964,-0.403891693515339,-0.768101077073814,0.00430858603989967,-0.480716936569911,-0.122346459088723,0.636382674170452,0.31270281635787,-0.0739829157040014,1.97031074996355,1.34177012925752,1.54941095429644,-0.827407249038994,-1.62384544949979,-0.706849939021446,0.287582119982347,0.255478368538606,0.580625297178777,0.607920830840864,1.32073142291519,2.35942139793873,0.502969800381164,0.239737855130571,0.379685568342941,1.03424911226649,-0.289338722512665,0.452590882223964,-0.440296021047683,-0.972385228704705,-1.61071744821108,-1.59396933341603,-1.88082130312703,0.126094135534211,-1.57841025832826,-0.152378072111867,-0.73255896544121,0.277996297999209,1.00710507912799,0.0745299985082618,0.0151239714308012,0.345306860372013,-1.83003435822137
"HALLMARK_ESTROGEN_RESPONSE_LATE",0.28251854957089,-0.623069788609915,-0.689178735197466,-0.161100724528083,-0.163924033696179,-0.918958250796616,0.882869313763012,-0.445696970460079,-0.473895295285205,2.11438739081561,1.83708508766537,1.40671256927381,-0.700655746243769,-1.23262535476195,-0.933922350720634,0.830032963883179,0.629527247048951,0.228994730088275,0.232707105717903,0.453385464566283,2.56901496663254,0.549656388372962,0.179446604904962,-0.095049923409124,0.810152880206858,0.315172458025363,-0.540699751308572,-0.695077926872904,-1.29390933638952,-1.49591078381311,-1.65634972840017,-1.1772083949651,0.318509880961951,-0.775714674250608,0.454849740725515,0.147292975743654,0.806787573456749,1.06286555382973,-0.365433642374941,-0.255810889162656,0.598922253791762,-2.01669939779877
"HALLMARK_TNFA_SIGNALING_VIA_NFKB",-0.649019778474793,-1.34968994164155,-1.33375105718155,-0.144279535903724,0.0537819302780634,-1.94006281687383,0.115017704420824,-0.716520238222656,-2.28270518363209,1.64213647335665,1.544737940551,0.00724865702391696,-0.580359808271871,-0.11237482166982,-1.71830787026723,-0.11402009023231,0.278365069417043,0.673460933831953,0.201598704467301,0.675429828940708,-0.0203233253223705,1.19974491980083,1.24372638155774,-0.70129091227866,-0.438036990594354,0.386079167503004,1.31760688188943,-1.24216906124079,-1.3594586348234,1.06907179686377,1.18123236738768,-0.0257734000343508,0.703177062729571,-0.955690013870791,1.55909418839036,0.978193691732607,-0.394793322603718,1.10222426473005,-0.326767940220756,0.441751953140559,0.207415398378763,-0.175700573031203
"HALLMARK_IL2_STAT5_SIGNALING",-0.641663911708429,-1.08903591775563,-1.09446359539943,0.37369503463239,-0.0336067580004345,-0.734568670470767,0.188129008306487,-0.639421064416284,-1.51503434601742,1.71694906322631,2.02066809132228,1.31803342363805,-2.48677395567547,0.0600969288990623,-1.13146691333831,-0.011595512874332,0.0804936734914083,0.504847347939048,-0.512066048089973,0.452953587826403,0.649542470943076,1.47699692443368,1.50543676011414,-0.945179833681517,-0.354823195993331,-0.275372890235179,1.19338412604617,-0.724993567119057,-0.942146410980563,0.189258295396635,0.203561826734807,-0.73157272513035,0.0477701163645986,-1.84231556899888,1.57861526118845,0.921368266645745,-0.669268171581844,0.896941957775374,0.292402192985097,0.493769699962095,0.283465552321042,-0.0730105527253243
"HALLMARK_INFLAMMATORY_RESPONSE",-1.16638808148141,-1.81252480121646,-1.66581081875731,-0.2549170741289,-0.563561300138272,-1.95452755506392,0.411680995117985,-0.88822558555496,-1.54919537704377,1.8301684438972,1.68410880710407,0.0952606333338055,-0.611086224463373,0.206879362774937,-1.54260018592553,0.253026387366953,0.319464900129901,0.950751959029467,0.465289673925823,0.701202138544394,0.327623960462844,1.761460787536,1.61790419536473,-0.443020565897098,-0.296195589409069,-0.0530790927698393,0.271141993652037,-0.486661022002522,-0.851967043915856,1.1453233109082,1.29322619752751,-0.252523246482122,0.0887772980390964,-1.55185235811148,1.23060403006659,0.66812188991519,0.0835774688534934,-0.0116740805487294,-0.290200620508063,0.743940159022176,0.15848048518731,-0.0620044543410298
"HALLMARK_INTERFERON_ALPHA_RESPONSE",-0.862992357295208,-1.22387861792152,-0.425252425838287,-0.753572241132038,-1.67617910797568,-1.02378084212551,0.887805601058605,0.379406167754923,0.271842284364793,-0.0711459417476674,2.29781013430979,-0.988648314321459,2.46118548462002,0.303023223330858,-1.14130349467859,-0.479903965194179,-0.497623801231785,-0.083850961222219,-0.0596951412712105,-0.0669626646475742,0.0790791368271972,0.168209060776319,0.185049426679612,-0.989076697501023,0.160169858592407,-0.076383018917013,-0.197897332459839,-0.664983936002025,-0.352051800687942,0.944497847707214,0.938580872627611,0.87634330596085,-1.08041337049519,-0.603931315352006,2.3530089021165,2.16369587195737,0.551805575038229,-0.270098187678748,-0.00142898126953309,0.643253008213058,-0.933955029226613,-1.13975621574244
"HALLMARK_INTERFERON_GAMMA_RESPONSE",-0.818174074877766,-1.52588157401577,-0.753747276359801,-0.830117782240256,-1.616442663145,-1.65724310458146,1.03133838337517,0.174273305372408,-0.305338398885487,0.95522530574302,2.22582400551451,-0.762831916844782,1.91025216363442,0.83111834491998,-1.39335534704348,-0.132757974864675,-0.154034943692735,0.338003528279527,0.197359621619292,0.282411401422628,-0.382172798014536,0.579096010084677,0.759889723733338,-1.24598496124659,-0.0982298191297848,-0.0145204670207627,-0.214709700116191,-0.784378026797318,-0.588547402146935,0.929675099835038,0.967403557950129,0.585694479714117,-0.803265886825097,-0.71854535491046,2.21843228842905,1.90195626468249,0.321945620894366,-0.150402288397757,-0.36013494411267,0.549284855213722,-0.484277294282832,-0.964089960865774
"HALLMARK_KRAS_SIGNALING_UP",-1.2839721960408,-1.47475883440823,-1.07742677214668,-0.22804819663368,-0.625188218016327,-1.28862993113935,-0.171166399162195,-1.32521042975248,-1.62074430480636,1.77944048165052,2.45276428814509,1.4216592002547,-1.32759859188442,-0.000484377930667708,-0.71514808400554,0.270899333510799,0.380005432812862,1.14868080179802,0.410633613041833,0.715881244029364,1.27681503257044,0.448010060949407,0.733355632303303,-0.086116664873606,0.22906608046333,-0.0776652181361477,0.86213996628071,-0.901117811689279,-1.15843318561484,0.60929577044975,0.651912009126644,-0.0936476124303032,-0.0370994599858194,-1.01224384082476,1.52223427790084,0.986828296872501,-0.933518258849396,0.054292027318606,-0.95381507166448,0.171708097081207,0.999487189783962,-0.733075376348532
"HALLMARK_MTORC1_SIGNALING",-0.113504592204591,-0.0742802197456645,-0.160853153273691,-0.040423659701557,1.85992955326553,-1.39488006131274,0.552166551636881,-1.01323182467067,-1.18760608506259,0.383340061387684,1.4289961979113,-0.018240471167824,-0.212300507399782,1.4298130914678,-0.19056465435974,-0.0263709123755329,0.345299544172778,1.16798788072621,1.43606707181042,1.05766155727303,-0.234113006226636,0.680859880381853,0.8652499837185,-0.36942321757049,-0.705966543914928,-0.344044157008369,-0.767277905767982,0.334529862254725,-0.244740961131446,-0.15798269708628,-0.222402523049237,-2.92921701488965,0.809412665358017,-2.70839048575988,-0.0475991119635247,0.0794741345990688,-0.452393881388967,-0.446879451127236,-0.854339328792424,1.0900935871421,-0.0419277885191824,1.43807259236477
"HALLMARK_NOTCH_SIGNALING",-0.761902847008292,-1.1052399926045,-0.436286049503475,0.476827337975014,-0.737289098396191,-0.0158112227855295,0.467626612904819,0.931559713871043,0.332322032579953,-0.244299641679785,-0.189305543428423,-0.0738877347927365,-0.0979996754979299,-0.64493477950824,-0.0306383060327134,-1.00260114935148,-1.29493146862784,1.35829337324382,0.493595958942666,0.302709859341273,1.49316897806655,-0.281891886265677,-0.00866470941407664,-1.11621346170424,-0.401212545569441,1.15587105179714,-0.562197805055873,-1.97123623908461,-2.31372697804783,1.22318346053699,1.30462845281154,-1.42857350707526,0.108913368434291,-1.21899049874578,0.845412103814152,0.758701996059121,-0.92685073695568,0.545664593672592,0.853561899976868,1.5389262235012,2.10733564229335,0.566383217313204
"HALLMARK_PI3K_AKT_MTOR_SIGNALING",-1.11899340664599,-0.64849620333415,-0.966737424874533,-0.119983985434164,1.36398735628106,-1.19794818494658,0.565821510732802,-0.976765484243021,-1.02711174751715,1.21244573385907,-0.00854408385008536,0.15149139200406,0.233442352528071,0.395250280185612,0.0021173565979206,0.44229160502556,0.195216890769352,1.58077653106506,1.65279597686109,1.6613140691968,-0.304213685978803,-0.328503012435941,0.252171861813732,-0.79251545276449,0.205505531421878,-0.0693016568356796,0.373153674286977,0.172612956015093,-0.343092574560688,0.946869343701477,0.941086021773189,-3.07813097692828,1.40465932598421,-2.21644622651159,0.501755143558966,0.735129664580071,-0.604422494827137,-0.646045043731172,0.97517615364125,-0.81421104063532,-0.453095476964068,-0.250512568864188
"HALLMARK_TGF_BETA_SIGNALING",-0.0538922270120156,-0.36286202504449,-0.90037567947354,1.33846425617352,-0.703096668896297,-0.887005537286934,0.919373274451395,-0.214813941262692,-0.922489992954848,1.31124065856559,0.998260902908548,1.57364761106904,-1.15157123788186,-0.516284063236641,-0.605222715675535,0.303902706195058,0.107954369188148,0.500579592053632,-0.0161615811062483,0.557646448718654,0.44675488714878,0.569707242225781,0.0783504709616722,-0.591107477151812,-0.113475305943558,0.636762762798826,0.902665104738269,-1.95670079591379,-1.68215053312424,1.06424790793406,1.04561989991353,-1.98595268210848,-0.887922765588998,-2.38810401195124,1.19854794712467,0.767853972780145,-0.863388255089903,-0.0747230443777621,1.55866306202768,0.392857013175481,-0.170519638323041,0.774720089251514
