"","K023_R2","K059_R13","K059_R4","K059_R9","K066_R1","K066_R3","K066_R7","K071_R1","K071_R10","K071_R12","K071_R5","K071_R9","K079_R2","K105_R3","K107_R1","K107_R7","K118_R2","K128_R11","K128_R65","K128_R73","K136_R2","K136_R5","K143_R1","K143_R2","K150_R2","K150_R3","K150_R4","K153_R26","K153_R4","K153_R54","K153_R55","K153_R58","K153_R59","K162_R2","K180_R31","K182_R3","K191_R1","K191_R3","K191_R7","K191_R8","K208_R1","K208_R5","K216_R3","K216_R5","K220_R11","K220_R14","K220_R4","K220_R7","K234_R17","K234_R2","K234_R4","K234_R8","K234_THR1","K242_R10","K242_R14","K242_T1","K243_R1","K243_R12","K243_R13","K243_R15","K243_R20","K243_R21","K243_R23","K243_R24","K243_R3","K243_R5","K243_R6","K243_R7","K243_THR2","K245_R14","K245_R9","K245_T1","K245_THR4","K263_M","K263_R14","K263_R2","K263_R6","K263_T","K265_R5","K265_R7","K323_R1","K326_CB1","K326_R4","K328_R1","K328_R13","K328_R16","K328_R18","K328_R19","K334_R6","K360_R1","K360_R5","K376_M2","K376_M5","K376_R3","K376_R9","K448_R12","K448_R49","K448_R5","K520_M6","K520_R1","K520_R9"
"HIF_meta_gene",-0.49242295982674,0.169033452645495,1.18833941274702,0.582880413949259,0.0183103734704551,-0.365229458770889,-0.187457347385852,-0.360418783871534,-0.122933570028923,-0.0159371463202648,-0.663310123119408,0.0583830567702861,-0.0859534557909312,0.339377297039309,0.610814321106916,0.972289178924937,2.24056861919791,1.08465940867019,0.866238384644803,0.793555604602414,0.619975103102701,1.03963916281534,-0.0895671736319999,-0.27107947546204,0.291347506076617,-1.49087076220736,0.297564762837637,-4.57843197591578,-3.84294533600133,0.560515438547973,1.05439427172169,0.998083211872176,-1.34121189229935,-0.474025316303467,-0.529595782300299,0.292942081920957,-0.369609488118069,-0.515931102228546,0.635511954868907,-0.348202910438469,0.0978668269805342,0.0555368300179739,0.174795594469208,-1.19301663822891,0.597801810608158,0.0629682357988505,-0.0441966391712317,0.681736610469001,-0.337118084170657,-1.68238459666505,-0.458750134949344,-0.371009004428876,-1.63388094964329,0.408074707612333,-0.303224327308042,-0.5183826271861,-2.04105425854933,-0.399074245593185,-0.141258838528332,0.0247494712723862,0.359790323714108,-0.931577199946664,-0.349984504549744,0.133969947909569,-0.278154349422983,0.224434075612077,0.559637314337662,-0.985274621345689,-0.624640994255255,0.796908430234136,0.549763012250596,0.800040318051373,0.773440899750172,0.524675040600719,1.66279568101223,0.986239053914253,1.80597198747774,0.610302307960091,-0.340746049775756,-0.782287649479849,-1.49730072507674,0.054564585113323,0.180124683472198,-0.589910056377307,-0.0233391009906027,0.302025428299094,0.709780724925516,0.211198507037406,0.53380226970655,-0.194905706439848,-0.583211926181781,2.07191890584381,2.01246780349913,1.56470754335265,0.545696864974671,0.0222268087135907,-0.540108389373581,-0.3133219852624,-0.502699789597615,-0.517901534055582,-0.49058663594898
"HALLMARK_ANGIOGENESIS",0.0739634799760116,-2.21519402940536,-2.3134550978935,0.585275501594372,0.822908881685982,0.695158221579809,0.150223436104864,1.15314410213871,-0.364070772731008,0.32451969955053,0.386338295937219,-0.518885264852897,0.861394192475227,0.708097120799063,-2.20994133232259,-1.95272718503744,-0.173842998062853,1.22551854671011,-0.431615175554385,-0.160425056063857,0.847002012185272,-2.48430559554117,-1.09015206030426,-0.498821355208492,1.40663394210417,0.0716223712449093,1.41946382650806,0.194704320332306,0.613539600943034,0.468315948391934,0.0457754682780326,1.2248174286854,-0.993034573564073,-1.49931226392343,1.10066679881401,0.988227833650039,-0.551286012750714,-0.0762771208576462,0.834221247546306,-0.0481050035666083,0.0172982415160363,1.64645277964647,0.845753122674516,1.31771395795014,0.47484019413381,1.70215847885194,0.12162061759225,-0.714785736377507,0.536285327403096,0.753664969030941,-0.495674487891322,-0.392948621535622,2.32424883654261,-0.110987901788761,0.124433050334948,-0.130127770641572,-3.10598259367567,0.332011160151398,-0.438340791571687,0.499680492375032,-0.390658497992099,-0.661920464522893,-0.671110836956833,-1.27474042561595,-1.46584628961231,-0.132393705411553,-0.503383968245698,0.807439485819807,-0.902474800236842,0.516863061896391,0.184721669545018,-0.449726785990119,-0.608078818762379,-0.207703575872194,-1.84976756878765,-0.250894960925526,-0.978073912370268,-0.107208959676927,-0.74897394487122,0.0913633220872592,-0.174068695555104,0.562948299926156,1.84247036718108,0.277558963382521,0.193197052647505,0.903722934343959,0.482598130526702,0.123138999168801,-0.345919143096099,-0.48952210067735,-0.203880185942102,1.013601040305,0.528906522888971,0.531115336811769,-0.336012509711063,-0.307868908405189,-2.13760129011594,1.20158616739844,0.241712355318554,1.47198351084623,0.295508424942682
"MP6_Hypoxia",0.212609566624119,0.551583182315371,1.26851878937083,0.716465519916313,1.28092647805424,0.170270387284839,1.1523640674128,-0.15640915768355,-0.150940264712113,-0.223769707449332,0.233809719342991,0.154353982969841,-0.668836609611633,1.22975811691375,1.65643821257241,2.03595169747372,1.0833153623104,1.5958323956407,0.597954591000677,0.586935177268052,0.334183655326786,1.40705691330771,-0.549156934426322,-0.0902992956879992,0.015057609829752,-0.748300954710805,0.00273316857937263,-4.18400666547094,-4.07117303143516,0.299091277611638,0.601150283309061,1.57476270011181,-1.47799429231684,-0.5209765114697,0.413148482920488,0.411668918256634,-0.566915330489739,-0.899016445565517,0.300861540305693,-0.253234570488935,-0.145822623714595,-0.154067372450307,0.415044855000556,-0.77153887197822,0.833302202809785,0.21390846177011,0.927779712848576,1.07014889351524,-0.231154546056651,-1.17165484872664,0.106214143734937,0.507576222458019,-1.3491857197784,-0.458619962148851,-0.332356529635346,-0.779508462396166,-1.60032683285916,-0.459076685055824,-0.558541725059972,-0.294130273279911,0.290669752013072,-1.49159090190863,-0.886331858014748,0.0854417830684161,-0.0298082480062123,0.154635513798973,-0.0251491136383898,-1.03305352019711,-1.02016329524259,0.0989612842404609,0.23400966858045,0.142038211149468,0.801848146282305,0.918165984959894,1.17113532198605,0.573760735889314,1.01495520526036,0.765375917167591,-0.964670105092832,-0.772240372987423,-1.56922911309685,1.1164347126071,0.535325334053696,-1.18389107808952,-0.283391528302702,0.187094855217009,0.373106431663988,-0.329142978712107,0.336957028750978,-0.570162689733379,0.475692852789715,0.485795443558362,0.445719505821852,0.272468487550914,-1.53889960774132,1.51836039192492,-0.0873079864951503,0.719909697368732,-0.275605466961648,-0.392796415279479,-1.35819004971175
"HALLMARK_HYPOXIA",-0.3672530654555,-0.0233766381488935,0.359873778389158,0.659209885210949,1.45531689231943,0.63689130884091,0.698442241782246,0.457297505445945,-0.125872080388715,-0.039191000364283,-0.35934456366295,-0.0647411295971363,-0.68694122055485,1.71730168613012,1.4710972713847,2.18930803043021,1.56484830079295,2.09093380288066,0.396975054047994,0.288241420984689,0.525625148309745,1.15204285199458,-1.12829466990902,-0.773911307947107,0.432896862131962,-1.08151456132139,0.442668732813021,-3.45658615059816,-2.86780314761169,0.0446955328594078,0.455282790221244,2.31996191086646,-0.374428861729065,-1.07211020416833,1.14444597119768,0.286142493436666,-0.563547976865191,-0.395867026747131,0.758366844225575,-0.103166986795456,-0.387152703595691,0.472753119199033,1.09523452631926,-0.305841992417906,0.406918845221326,0.712127988303946,0.691013649506903,0.172359065505026,0.0378953613860104,0.108604034513804,0.389949845675478,-0.136801928844468,0.709775958144624,-1.00433773226154,-1.06397576814889,-0.692891634642272,-1.7176209765072,-0.518381834365594,-0.435712776956815,-0.174597269135981,0.0249708732423507,-1.30216976900112,-1.07232671649969,-0.054954913275898,-1.03913874907875,0.117205485177232,-3.40707682018239e-05,-0.43507584779881,-0.848497877327146,-0.0820730369410263,0.403578320882247,-0.0680957507155692,-0.145536789564408,0.830902923427377,0.867082615075317,1.01342695453702,1.86403932519892,1.02672079898853,-1.27571623429486,-0.754167873193118,-1.88863616655543,0.364142206954286,1.59876276977641,-1.08363310895027,-0.190241695913759,0.384185782887522,0.463383677064008,-0.290238487346054,-0.114272689440006,-1.25059308014781,-0.23575212007463,0.0133082646636883,-0.365651978698532,-0.427004723211917,-2.18582141284206,0.799108770114628,-1.12374944763055,0.738867362125767,0.0261558256152589,0.81391690581962,-1.5396098240113
"MP1_G2_M",-0.95959552641163,-0.744514665583608,-0.479310425563346,0.504490481532234,1.50019830724802,0.379631438410615,1.90199313154528,1.07858414561398,0.270653121450605,0.365445646204957,0.808623401615231,0.507608860512532,-1.12754646305311,-0.174714276139284,2.40856372260057,1.38735782342847,-1.09156286000566,-0.860153998943467,0.240349594852427,-0.75805360660265,-1.09841433434242,-0.151535207890366,-0.243691563381721,0.693384642350119,-0.290050126445534,-0.3210342434393,-0.326136602711995,1.26043617881199,1.8618208266913,-0.993351354889959,-0.436439617723401,0.154122378197717,1.78898727537595,-0.965962318769691,-0.265488475586465,-0.618850824440352,-0.332986427736748,-1.12492335842631,-0.745544241587852,-0.943562063715264,-0.119825560251481,-0.756071291054473,-0.408077641613591,-0.762464130469019,-0.381313702843117,-0.0850566703003525,0.0564120970040188,1.13676817068693,-0.321894225239558,-0.601985101809122,0.00129586825133745,-0.23502743338782,-0.171095899862466,-0.444525780601295,-0.935947186395132,-0.0347647214286275,-0.762871353591652,-0.848454971536134,-0.692581494595146,-1.31700572657172,-0.863730529715659,-0.33894658978144,-0.0247626898431119,-0.964325819938649,0.387393494728245,-0.89864882219366,-0.803519936402802,-0.7470982475501,-0.454829910563591,-1.13600542406054,-0.315189839808512,-0.358177684388919,-0.894715294875267,2.64512974880445,-0.3419708601614,1.18365457533699,0.534367981880396,1.92960022747122,0.594193729310425,-0.417874149405737,-0.235901676345741,1.93840729277098,0.00389989839442676,0.480810774570302,0.144068305945697,0.601624988032733,1.0221444685125,0.323638350642785,-0.883964134360746,-1.11060718295807,-0.197660323746489,2.31096001140141,2.58077219417826,2.38585707636257,1.81246368595321,-0.131524306301799,0.105053337281298,0.0612530297165721,-1.17671491094125,-1.74861141152992,-1.37485506386454
"MP2_G1_S",-1.25484323237827,-0.538438654268874,-0.255231972918321,0.382691284011063,1.43897600638018,0.0391152376982799,2.00248791831932,1.02439150580335,0.457011324251017,0.358488846276118,0.943470294967571,0.918169358186536,-0.998541251842326,0.00803506625637578,1.17135266645137,1.11727658926787,-0.579726472001339,-1.07571543048915,0.324384551931868,-0.338677833803524,-0.62530174578849,0.671847660082998,0.167443688908576,1.34210382978951,-0.134348196268918,0.405204816174587,-0.133010734602377,0.725800309214762,1.44599999772371,-0.507125008623155,-0.345130493147439,0.518258762087931,1.37967785399057,-1.06399184082212,-0.808443452855803,-0.495000024799092,-0.711610457040801,-1.32875468611839,-0.863301282047796,-1.07955667387346,0.579450342908394,-0.608813250757588,-0.519762682155341,-0.986116878137434,-0.266445445312638,-0.184256601426991,-0.104200919037172,1.12548096921632,-0.740670652499884,-0.800335528996322,0.0501025705717815,0.0227987931372764,-0.618614315217641,-0.0489356202192938,-0.78843865685272,-0.105945109555047,-0.990623049867478,-0.755145202634621,-0.864143574530424,-1.39011302613469,-0.922538165501051,-0.486994487672836,-0.124804448511413,-1.28365785582574,0.166065875969891,-1.03532068266055,-0.923778026262408,-0.902559745872568,-0.746977609799615,-0.628462637597129,-0.20167218205249,-0.252443117014604,-0.547318074871326,2.15702728423408,-0.457816254853464,0.765345484787814,0.202102807518298,1.5446892066506,1.02579586608979,0.0646365998958735,-0.133612841642999,2.41378073844194,-0.574640554067369,0.288034288226064,-0.103672285169047,0.657120500289718,0.787942449173123,0.164183760790747,-0.368600046889775,-1.20804846816177,-0.335401645139987,2.53238510388742,2.58343396136136,2.60009893896883,2.0379957509359,0.0842484652885596,0.722353871346657,0.102876101751051,-1.34732395969361,-1.85776669968814,-2.16741755324221
"HALLMARK_E2F_TARGETS",-0.911601709601887,-0.518104919820148,-0.448990911601227,0.325998387554193,1.29196183275549,0.119789132151467,1.74894394762523,0.978372318272913,0.406197171922579,0.343165626555471,0.933329906329538,0.604801522355178,-1.18393366351421,-0.107457409166876,2.19883589849185,1.58724764920818,-1.32669958800104,-1.07740039336389,0.156127099733757,-0.40927980095693,-0.762727178607643,0.463033395804039,-0.195692753518264,1.08768979690787,-0.385838079239323,0.172834536912541,-0.424198538894319,1.14677428554287,1.81912263705274,-0.490668932068387,-0.393283883173312,0.15490230780295,1.55145501261189,-0.628317838044434,-0.222102121313602,-0.559496755829606,-0.387923038510262,-1.09867707553372,-0.739530396125069,-0.768177048584358,0.129438696269876,-0.734658316355528,-0.474409137196767,-0.883488516345581,-0.405056492316645,-0.203972835909655,-0.0970490368941639,1.26775797244561,-0.645382062448048,-0.871216154550399,-0.020311551454852,-0.138241031030479,-0.568540864339441,-0.440579312090244,-0.653909380951532,-0.0562200535879279,-0.808684562663538,-0.661399598004529,-0.648446439505631,-1.22593953991232,-0.741577843020804,-0.305767434542937,-0.054482797686931,-1.15273600701776,0.577557751156716,-0.87225172135335,-0.753551316199327,-0.736558996859173,-0.369521793153061,-0.89643459205864,-0.193233784820528,-0.187780699607404,-0.688490309494568,2.51790796501945,-0.558967932308052,0.590375733741517,-0.145510156538832,1.75262687785509,0.644364629733721,-0.335564769430602,-0.230269869823469,2.24074951207443,-0.528598586928631,0.189456841090579,-0.0188405962930881,0.511611329814826,0.909718011506711,0.0484896711701387,-0.532301194580371,-1.32116816437124,-0.298785294548066,2.61248587795958,2.80196946775631,2.62992816979032,1.64459228973157,-0.124467940630448,0.289147365064817,0.11044412148158,-1.09398658994987,-1.87934434501754,-1.96140509199335
"HALLMARK_MYC_TARGETS_V1",-0.564883264416762,0.0475435094514835,0.511435157899317,0.0898413477858606,0.9002265724948,0.382530575862029,1.30895648161075,0.601369783097587,0.592870279164295,0.568121191737527,0.972492393737875,0.617974367513972,-1.23323302606066,0.343972088672809,1.33894057369075,1.20307328706188,-0.702471415359279,-0.310533169496049,-0.203897691913139,-0.0174799689689763,-0.227207191297995,0.740593630997819,-0.166373965273597,1.01679673494816,-0.319257081928956,0.57167052621185,-0.363380211276316,0.972045648723136,1.60542062014004,0.0996870862531145,0.0916093990677752,-0.125471443343912,1.13840476860971,-0.717368443659019,0.552901974201875,0.67563681814384,0.0479634745425933,-0.819551928401533,-0.587671634811335,0.0952618043654451,-0.18449736176249,-0.546452868766526,-0.336135318664112,-0.367013901168736,0.328710651057458,0.486766551178869,0.581371824547634,0.924576518329567,0.085627316907407,-0.60582729040756,-0.0238245879104359,0.792106695221509,-0.663827392307742,-0.396955669486518,0.206557650701225,0.270826102702985,0.425658711957164,-0.181293103277017,-0.272022772645248,-0.868076436815152,-0.00412409473255978,-0.926350781761579,-0.53280071328242,-0.44637325904789,0.744130291752515,-0.748517843870419,-0.890621140939506,-0.823932673725555,-0.474561173704347,-0.643482850351812,-0.409540624976476,-0.110833434265668,-0.0168890017722315,1.51284880093556,-0.839174703306448,-0.127297592972048,-1.21033702048055,0.67819583357585,0.7711537338858,0.591679169360504,0.37701744914477,1.04642342876263,-0.992588489101972,-1.20104957329172,-1.26282558837455,-0.0822311392369796,-0.343322232968638,-0.924570151730378,0.269411951358911,-2.42191979160855,0.859463753348203,1.74094127634488,1.82539763868727,1.89640791782227,-1.86347475101464,0.888077544719399,1.06774194127326,0.636805072484299,-0.693060157749072,-1.62918571430008,-5.67146628406149
"HALLMARK_MYC_TARGETS_V2",-0.971783251910575,0.10624606203788,0.272532645408405,-0.12372509508066,0.871404014878106,-0.0503538150504241,1.66682790038103,0.154320062937627,0.149476936616024,0.340971385854638,0.559420981605053,0.20051916003182,-1.52134667518762,-0.0787782131102178,1.6929109586504,1.1884780985783,-0.392640785869102,-0.43024475614818,-0.258495094004391,-0.405213811120062,-0.522199784682917,1.46072747632093,0.0392769612021086,0.964251443421131,-0.917323654583902,0.479802859398226,-0.87441457481643,-0.088212387946468,1.23589289662904,-0.365058202518276,-0.154067606974526,0.477776929353362,1.6298552578266,-1.21267455770001,0.388673943739099,0.0305524375801645,-0.077100459464787,-0.952345889700811,-0.243832939124252,-0.40715890813511,-0.182176113310135,-0.984064372175042,-0.600534032276275,-1.10780296930039,1.12761221046092,-0.455966941317252,-0.0122639256828768,1.1259363763306,-0.295651829482095,-0.886946235101204,0.152566403102195,0.358017170842498,-0.605078221394957,-0.178200317889339,-0.884401503035,0.491462767429228,-0.299126752948185,-0.356296404299981,-0.308956096221251,-0.421415826231657,0.0471089552967947,-0.354836088295093,-0.361157566337348,-0.924579832349764,0.164912932332921,-0.922908968833901,-0.497018602647206,-0.881268982667593,-0.480254695465914,-0.414423348814898,-0.38292968275936,-0.323959570891388,-0.755932011389351,0.958630493863733,0.277650584754054,-0.333409726179652,-0.285982134297553,0.586905346087627,0.389233436033992,-0.265244261144247,-0.394082181637855,0.404352131959219,-1.22713665666371,0.0594174690351086,0.356780243238707,1.023160116027,0.965440190132038,0.740503398674721,0.0621571959450551,-1.17206224917814,-0.145199623754203,3.16764785067513,3.14585998689797,3.15890478780881,1.36560855048429,0.368357590664501,0.897854073099824,0.187419077710531,-1.62959814443431,-2.36509232159285,-3.75048909820882
"HALLMARK_G2M_CHECKPOINT",-0.92774111452093,-0.786469941690093,-0.297223598803856,0.582603069809546,1.30826771490938,0.311889268780297,1.51915890847259,0.999727473473107,0.166521465188351,0.174852144021361,0.59407769911032,0.227006130941524,-0.868872199309477,-0.225443782787709,2.2303642808164,1.45165678722691,-1.13814280681223,-0.754828052751527,0.311759095819842,-0.422068790639224,-0.765374873318948,0.19856628823089,-0.568710829078052,0.390492819120108,-0.077751383074467,0.179001840227699,-0.0623812044858152,1.04166563154216,1.75081404237463,-0.819898296438897,-0.336209895654137,0.391194851518323,1.79207064956991,-0.82274542991356,0.0260554717136514,-0.515849587369038,-0.494397970814144,-1.07939286697913,-0.535232602044128,-0.935552783493593,-0.0945599334603981,-0.692286127356911,-0.467078808221742,-0.537346727524734,-0.315841662665051,-0.0730173365512804,-0.285455054609686,1.25472047684602,-0.650148507731163,-1.11099373937723,-0.386843484530486,-0.670722801277481,-0.133697237630391,-0.354631209016448,-0.803797745007395,-0.041259475197064,-1.39727564540363,-0.540371492426632,-0.57371083563139,-1.11749044151163,-0.747580108814078,-0.052906034858593,0.140158635154411,-1.10921625014715,0.449946851666891,-0.777917074291861,-0.632559134257488,-0.456243003806101,-0.276235966063344,-1.0532010593022,-0.338388061706337,-0.343286563176702,-1.07638258370545,2.648117640675,-0.419275730442071,0.790960653302663,0.102583327904743,1.91067830177582,0.413314604434069,-0.593969055072553,-0.569562829565222,1.98093782800975,0.0552747699095611,0.54641305697774,0.292340260703412,0.887929754723378,1.31889810709412,0.384547561346823,-0.768382803169864,-1.24730959698373,-0.826965723147292,2.52901415311708,2.90374213766775,2.51607114357116,2.2164904391591,-0.74897082547516,-0.447760464235027,0.0668581928782137,-1.15826919611242,-1.52055192020311,-1.21099327013948
"HALLMARK_MITOTIC_SPINDLE",-0.886903377202309,-1.38224682690217,-0.82538888400335,0.759765442643012,0.8399781202749,0.581817715577248,-0.17327524433518,1.16170532189991,-0.251703001149718,0.0480221511007965,-0.242611078497035,-0.380889715670566,0.23202893267264,-0.310331262986819,1.67841896095573,0.595014780069543,-1.52831612633026,-0.429264006355161,0.521716176796168,-0.0355846676337644,-0.43008847171199,-0.860164539539832,-0.385406327411063,-0.0953293223898411,0.394960133316936,-0.275574488927798,0.430757801835705,0.409427564196231,1.18840063269577,-0.75086943014578,-0.838895076459444,-0.0216242675003807,1.22668639263284,-0.570602687514991,-0.358724716941947,-0.600945009850733,-0.42558465943337,-0.21927487696376,0.205938912670942,-0.520984611958707,-0.27954349808452,-0.287273450663493,-0.14488199056523,0.256266434394027,-0.808501006640189,0.156801303063301,-0.661594707638009,0.146712327946747,-0.71281264565125,-0.607396789376265,-0.0424842718443769,-0.98815867494474,0.679442133637312,-0.209947126845317,-0.67179774697682,0.0352794421785036,-2.41012502340935,-0.286266629863604,-0.546070809723212,-0.490539996079547,-0.702286851711823,0.780901866298873,0.642412905526459,-1.16853830775443,-0.17642581166434,-0.457606865764589,-0.0773787373744806,0.192403696908626,-0.214338955568855,-1.0481152853642,0.192286120229959,-0.636313293364168,-2.23161722107221,1.8086696407824,-0.24658372949751,0.87195667774574,0.617926070407893,1.64772145029288,-0.289674792671581,-1.02975869127123,-0.687631099808192,1.01310685144138,0.69163094861152,1.84017742411839,1.3976828698284,1.3765444229055,1.95198875757741,1.52079877595028,-1.13007289561727,-0.406286230835438,-1.74544031605807,2.46972468611845,2.75859635630065,2.22356129937859,2.64564091451934,-1.75729661684244,-1.21175723609379,0.143920401990051,-0.966673571470866,-0.504309472462268,0.299290210898542
"PT_VCAM1_sig",0.790703887563866,-0.226060200456572,0.156645080902324,-0.115977539399526,-1.04958137124339,-0.823215888287738,0.0770632330142209,1.15430122327539,0.410415982944381,0.373635297960589,0.134336096469781,0.251000398962511,-0.00973214562402631,-0.86444347761974,-0.0513920968280152,-1.33130195129661,-1.54216076178674,-2.49599442132221,0.54459085517732,0.140052509639545,-0.470250144918558,-0.918430811947856,1.31645702442271,1.87683993344343,1.13111636654577,-0.0673379000353899,1.09707501891364,1.4443058372318,1.76527248072943,-1.62084961456726,1.3162966297591,-1.21048763527644,1.42861573369198,-0.431454775956548,-0.517344463150107,0.351990991386777,-0.260565372493179,-0.655237578449151,0.563215980525993,0.249704964520024,0.461456525616819,0.06279452401404,0.699995664441161,-1.3918550220373,-2.8920719815677,-1.61803136550487,-0.415049688832854,-3.47926653973939,1.15626254026663,0.552359937891878,1.16737182419529,0.328795775207474,-2.66765177617594,-0.307664988644797,-0.7301892353788,0.997625942765671,0.133764004304955,0.545027078893325,0.247028733559802,0.799282073300795,0.670079658057308,0.0574142938227176,-0.721767854270896,-0.0821791115219814,0.0839174552860173,0.496045495871379,0.289152866233087,0.26310677055841,0.841233354978576,0.734646378470642,0.114042238282027,0.13225036553428,0.145793024533192,-0.608234572454097,-0.217309740993165,-0.0194388731171807,0.174195196598552,-0.665734044085865,0.474922771835456,1.09245550159436,-0.0730422262224817,-0.346854396300295,-1.1541611288931,0.824212823510355,0.709739682621783,-0.236815015325793,0.460082046103672,0.821544596199943,-0.168113088849338,1.87099526994013,1.56383485647531,-1.30700155046808,-1.21409216206053,-0.284128207313218,-0.957068351066067,1.16477243984377,0.733599428125841,-0.172674522106204,0.523460000674139,-0.960626895747423,-0.614056177352762
"PT_enriched",0.138591128781155,0.286720960919776,0.162974697779725,-0.806522098024223,-0.608336624408028,-1.28523464361696,-0.267990958162289,0.598894410212982,0.707911788478809,1.00817821291479,0.216735236375637,1.54368975078529,0.850800149717098,-1.04331790546709,-0.870295113100752,-0.844935296943717,1.10186753129118,-1.58423604260662,-0.0543922572453884,-0.334604004356782,0.866424659635455,0.372305735329727,0.739366110352574,0.549151127651585,-0.968329146681819,-0.43150755288675,-0.991750258930937,-0.362970403964439,-0.807481562099218,-0.672385703022588,0.906828382314977,-1.16775887098924,-1.1434256832061,0.706685868467951,-0.113550364374658,0.169827538060428,0.647604635163013,0.491813221230258,0.419071848246156,0.417298183223083,0.821160731795064,0.159524558609031,-0.0909618852223005,-1.95271632517143,-1.04101858760774,-1.65539830073915,0.0686909834222358,-1.70203622053027,0.80998191784833,1.10143157563402,0.960989396881519,0.753953374655219,-1.67164043142035,1.2158615117371,0.683613377432634,-0.279020087432063,1.73445698241025,0.0301825209633483,0.728725689453314,0.808899443497327,0.674964516335765,-0.708880590221546,-0.767377686621575,1.51530094390722,-0.259242071118577,0.311914091048773,0.146076182408888,-0.212598937517043,-0.467081578393305,0.712746263260382,0.74235027049564,1.08437964678717,1.58448481232516,-1.30034090882682,0.527524770248747,-0.677045452592004,-0.493700734649278,-1.29657613532361,1.72936485812125,1.69188646036743,0.487247931003826,-0.962625770462834,-1.46694282942637,0.29886237418654,0.462106753067745,-0.165859067337253,-0.1804751121241,0.315450909286452,1.10194986913897,0.205479921876755,0.441480336343928,-2.53732702893271,-2.30829029288302,-2.14748926892443,-2.35382238523702,1.22187876678413,1.23369079061616,-0.631459042040917,0.470245027476283,0.86151558048198,1.08783690400305
"PT_enriched_broad",0.268183568611956,0.194029472486058,0.413897685043815,-0.7972405938966,-1.5025954609603,-1.11641517987349,-0.425163186574026,0.440633101860156,0.71899880105251,0.625113469732916,0.560115817476078,1.5067539023063,0.52992058284354,-1.12816445706117,-0.361709280166312,-0.260598288068102,0.845251594412354,-0.664970692671077,0.289742028287051,-0.338998852611489,0.549450921262208,-0.407959472842812,0.853192652919262,0.252646975493751,-0.863837851970508,-0.0987649723332561,-0.855109744941707,-0.529343092249365,-0.997025215409577,-0.906018916596655,0.792191163522866,-1.17947420003688,-1.46760290675792,0.68503790675778,-0.256119868530255,0.138848898169484,0.447345184460201,0.0750209188808048,-0.0314636360596724,0.0678835522237475,0.879726866131168,0.0405146551186071,-0.175094872001171,-2.00727874477013,-0.416938054117594,-1.84036629138447,0.220522916457338,-1.29809467211614,1.02857297174387,1.56100418967251,1.38090110506724,1.09394532334811,-1.95064303804906,1.01280662918994,0.400337040136883,-0.0367496108155545,1.65579586115429,-0.0373664862819599,0.671915873067593,0.675754243246944,0.775943351081238,-0.589429003702497,-0.121385999192959,1.34077660629144,-0.0279270321340643,0.441347756293593,0.287556021785615,0.0435506185344307,-0.0948608784273876,0.791718657650967,0.643144385053527,0.835573603791006,1.17551381798572,-0.969548259667507,0.701301797317941,-0.054716471322189,0.351684376119734,-0.962442879244908,1.47448606479876,1.17104093347249,0.773651295207348,-0.217644406505774,-1.07983457861641,-0.0365917384922571,0.366373536888328,0.243365628842137,0.00347343611615504,0.155923014085992,0.770807879677517,0.520590715653668,0.861732033480018,-2.87349737518686,-2.82184336190377,-2.63443127215654,-2.99727105098422,0.930916073749568,1.22935582929559,-1.32655990830567,0.606155084079891,0.718812810482372,0.668240655117858
"Epithelial_Sig_kidney",0.7535737352279,0.289889475075249,0.32466372533333,-0.805436727888961,-1.18946898057492,-1.05698426697644,-0.394188181060178,0.573059346063013,0.824362529861351,0.895263426578277,0.522210799591918,1.18779364343092,0.714589517818677,-0.769986161906463,-0.357965563594141,-0.504698561358067,0.40408066832321,-1.10537578840864,0.020803909243078,-0.0742670572197808,0.789092512880446,-0.907174043617285,0.74706138488791,0.51870518745058,-0.359511730142357,-0.147664802953948,-0.37510860513151,0.0326330553997438,-0.685410077282494,-0.62095653768061,0.932919448957503,-1.69462895371153,-1.2345101161453,0.748255274710387,-0.116557508632711,0.362567821029506,0.815096765902807,0.402642364891311,0.309966500559877,0.653016798554567,0.965192071932364,0.411098293908055,0.262726265898437,-2.1502410180199,-0.862004407926562,-1.87124293550892,0.062498063612223,-1.5013949253257,0.969025466009452,1.16722546606271,1.04658016056561,0.758270077804033,-2.14862506184438,1.06761731495315,0.529329676531419,0.108683718984369,1.33897983658964,0.294104715841152,0.855135851100657,0.774561767766172,0.926088374414642,-0.344222436256394,-0.372606684767536,1.21609145779157,-0.00894974803431888,0.422087398756615,0.266147805056504,0.16365882731357,0.0850308373459288,0.58848049700707,0.449779303286327,0.517995386711075,0.680352326935424,-1.1027468304313,0.133499218820042,-0.22916209821661,-0.0435867740680238,-1.1802728911112,1.22528388041909,1.19513032300003,0.867277371462848,-0.64907185578912,-1.27568976866084,0.087861731710745,0.299771577288457,-0.139994029892039,-0.362547574970624,0.170788460246191,0.714587177876001,0.263264503901942,0.63132092596217,-3.05529962272975,-3.03465652745605,-2.35188720619937,-3.15761776952365,0.940860154233633,1.20267811820586,-0.866320295442474,0.780226155428456,0.892025709647486,0.954469964307402
"MP5_Stress",-0.597999998192149,-1.12408733725979,-1.47623749527903,-0.858693748029345,0.0254598231830036,1.47924156811087,-0.447011436485744,0.409759848529517,-0.146656065427217,0.392200734403377,-0.0476403893129307,-0.782202569031463,-0.370926363266264,-0.286463755434469,1.38961653075655,1.5487687569905,0.439534056277541,0.837053937335707,-1.02538190844068,-0.195212068915323,0.280946302195649,-1.09734951488267,-1.32382413443657,-0.375441349458993,1.04719190147942,-1.04860183185323,1.09030294293521,-1.38920370583233,0.00565628532441077,-0.347514489456475,-0.414734789234048,1.39836287744905,1.66374178437516,-1.7529778562756,2.74520554986051,0.296475658527646,-0.593622717183868,-0.800303670623128,1.40650148995917,0.337653826104937,-1.02785436248748,0.0647522046376929,1.36245767149999,1.66122577446587,-1.46022826816509,0.723391128541064,-1.65345080190393,-1.68856577585909,-0.686452104927264,-0.359580893385991,-0.0660023717373095,-0.372592454896016,1.40033600077594,-0.936559722057746,-0.165333830993003,1.18951834641801,0.583153308001821,1.05317439932641,1.28764629608075,1.39460004335117,1.47491749399254,0.535723194066918,0.193151283463876,0.542707027278087,0.261719436366106,0.850207123376229,0.626508349679442,1.12237143430695,0.963697768758763,-0.510994963419354,-0.125076982955072,0.878221864341207,0.151267602467501,-0.0947871583566346,-0.949426743488697,-0.0920754689087693,1.20559421514491,0.900743837020403,-1.57776735871855,-0.922432031381237,-1.43872565556906,-1.23203095224167,1.42357247472463,-0.929553598048937,-1.2727180532884,-0.426109651431361,-1.13354804878557,-0.703280910550661,1.44346300767428,-1.25452629982507,-0.797834316111829,-0.547390600835579,-0.273415984061704,0.777190361318432,-0.21813799041857,-0.936821307216928,-1.59394410960675,0.141900944388438,0.797624086040497,0.805312932630426,-0.660517517992205
"MP7_Stress_InVitro",-1.59336174944801,0.437304988241539,0.0228630010345728,-0.966106140656325,1.76145918721417,1.44942703704241,1.31457093000195,-0.37850257411448,0.0200728178838174,0.34467344390512,-0.141931319379653,-0.514963284086148,-1.51584349602883,-0.365484279975386,1.92016941411613,2.80335110445566,-0.345391309651411,1.4187081333027,-1.0246702266347,0.100915994624861,-0.0587485729626616,1.27989953118306,-1.29386414513462,-0.257363798292908,-0.859642622217454,-0.153811323512098,-1.00916368993509,-0.70795839967028,0.577319702258764,0.466407192836196,-0.247694377744778,1.49083719439641,2.06466911735702,-0.504055473322983,1.41325399386423,-0.453477345670901,-0.0841821290927958,-0.438652413119604,0.116240334001023,0.837432647659718,-0.692838407417637,-0.970098857000503,0.206806836179345,-0.759871815346426,0.795404488429739,1.60001120741242,0.313321952627456,1.1805697977514,-0.639387771475364,-1.16763271846164,-0.0825865904439058,0.926038560620204,-0.359862528180398,-1.19399620716061,-0.673467396449145,-0.00293841590955592,-0.14346378097103,0.883886940056403,-0.503715183247359,-0.532135985530784,0.882306294063845,-1.21527865265541,-0.945458490989962,0.0322412514357332,0.333516186667137,0.342266259380853,0.238826000404198,-0.13343179946607,-0.221830802757496,0.0779480646047973,0.365325142839516,1.31653621089981,1.9313839098075,0.634387359931652,-0.375374064300881,-0.221966033060708,0.404422882705473,0.439209455820937,-1.40596094426415,-1.25904622654102,-0.79546782014132,-0.669207366028578,0.790965888036986,-1.28430721127573,-0.963486216572215,-0.0773795434328042,-1.10538045851169,-0.377758400712013,-0.143085506985102,-2.16399508644951,0.519043194270868,1.01367424804829,0.364806816427184,1.13853010214401,-1.60643810198295,2.4565214284816,0.273092711741103,-0.161307291764508,0.0218261665175495,-1.04067864833327,-2.51874212821461
"MP19_Epithelial_Senescence",0.0871135965240391,-0.564207439192005,-0.00911792324704763,-0.0470898294934769,0.715221202742624,-0.4102545969408,2.06295088857604,-0.611454774753018,-1.1487235830624,-0.619106940463845,-0.8226031743858,-0.592266449856615,-0.980445517703432,2.65301258955381,0.122728590764716,0.292295521942606,0.738885103358473,0.572414762753667,0.145007634252834,-0.76006194998285,-1.31008781115948,-0.222655517592625,0.60430714176941,0.52599921337856,-0.959776221431265,-0.429751136506346,-0.925359348316389,1.16197585374241,0.807478505429158,-0.135217699196448,-0.197868523025552,0.743309138908799,4.16805983658708,-1.0147955370204,-0.905333143304952,-0.999371274067326,-0.411074020232812,-0.854246299955171,-0.245789529172546,-1.3319362071282,-0.260990874915293,-0.53646171017864,0.180452975340499,-1.31400184661416,-0.589886042912914,-0.220270690112137,-0.127184039698643,-1.26708576480976,0.209776904531522,0.64369308934093,1.03158534694492,1.54962821445705,0.302026491951306,-1.01681244602538,-0.869865695851785,-1.14518936522078,0.286424348330791,-0.860920849735359,-0.644193395624862,-0.278970581046988,-0.621693551160533,-1.1249664634218,-1.07558055609839,0.272812281334153,-1.24730835248066,-0.665020727484829,-0.932718574660406,-1.42214481010704,-1.00980728577674,1.40622682963164,0.053999694183753,-0.337285417742779,0.0840043143306789,1.35849121498309,0.501947951043627,1.41144900084,1.84612817485,1.23197460757085,-0.479936349347051,0.52740914697946,-0.151633978272526,1.63901055323658,-0.546972585496076,0.297026388204373,1.19240771070109,0.489841948852101,0.686347945730865,0.0899329700094289,-0.572137830392675,-0.157434646134883,1.11528046826368,-0.184780736104877,0.607022615864277,2.6269763429504,-0.461760741639564,0.985643369493446,0.616409636387469,0.334387340271451,0.0366442170116897,-0.701712461826198,-1.68239885582078
"MP39_Metal_response",0.770206533296073,0.92556784438407,0.60746185462844,1.24965956767538,0.888448777983157,0.974343213574803,0.118052812582484,-0.31293815289385,-0.742705793052634,-1.1054857076321,0.43540833669054,-1.78675718394383,-0.802030092125495,1.69035600245063,1.12442320003447,0.575372032593551,0.210565730650352,1.18211100781216,0.893069123286616,1.42720487890847,0.564250600470708,1.45695711708662,-0.893674627125776,0.167479541824669,0.686655250057662,-0.788195519324245,0.74146327188575,-1.35778925301465,-0.83389000114779,-0.314376937480614,0.057369626800911,1.28828917668982,0.338622587917995,-0.350768547832029,0.614000066311117,1.28975137505231,-1.8070191706008,-1.62179795165906,-0.429081883079696,-1.19500715767332,-0.876423556446006,0.600917526235049,1.38168224354601,1.27871356257805,-1.02135082194834,0.720026921141272,1.89928943023364,-1.28576712759553,-0.457094226440939,-0.822344545174311,-0.672140412188446,-0.428031740409118,1.21606897937046,-1.55271118585217,-1.00346510185045,-0.205666467596878,-1.7689121521109,0.0425507923449763,-0.398846562379578,-0.199512751334863,0.108248753633896,0.192174693782558,-0.388170154160977,-1.03574622823599,-0.257324250244352,0.265693255039355,0.605193236100873,-0.209794875709547,-0.571880228603783,0.243774003032865,-0.243883605590346,0.195967078480099,0.30448630641198,1.64727100845176,1.196215718991,0.856453006045446,1.61931718462291,1.70528021431971,-2.37775063839475,-1.16898321238798,-0.558268503300373,0.298760555510222,0.83220996349506,-1.07534288306706,-1.0164278882407,-0.0340598766833342,-0.399489915799389,-0.989689756142428,-0.812000294148694,-1.22199128687635,-0.262423389901797,0.198909137481035,-0.2277169043091,0.460948113902681,-0.896968251068326,1.02559735680316,-1.33412381819646,2.09021150758049,0.462293784594594,0.55026654570112,-2.15978981910363
"HALLMARK_DNA_REPAIR",-1.02334058013501,0.253696662416796,0.589164671167579,-0.0922286883868386,0.213573576455143,0.0658855612896722,1.27707003280453,0.119212623206766,0.650373281249254,0.573090948176809,0.729717619822936,0.815254883853584,-1.17155030140088,-0.0468845018346933,0.961854240140834,1.03522302001039,-0.546305042592228,-0.0559983117363514,-0.333906601227466,0.0801492139903136,-0.375334855232287,1.20196477843776,0.202625949680901,1.307274204508,-0.717354966258121,0.298661715962029,-0.68017340807692,0.33882523961976,1.27397051264284,0.251534776936144,0.168475642495514,-0.510035055725921,1.14512847803928,-0.480058772812921,-0.607829456768514,0.343864610417462,-0.00653148861473532,-0.870265291772629,-1.16798171619969,-0.1371933177691,-0.0361423616371911,-0.1751737455677,-0.342945600814992,-0.240740323197875,0.437511007599278,0.441901936143681,0.0508325775803502,0.764755735797901,-0.212492742649857,-0.971333670532808,0.0175377705206303,1.11306413267692,-0.826289147796879,-0.326866830022217,0.372977563534277,0.131656502031083,0.903066867021465,-0.486915629644763,-0.459524149924662,-0.808256392148371,-0.373146270135104,-0.792097048526996,-0.733249778488848,-0.688286290546512,0.17269739996418,-1.22976213140721,-0.845712130725169,-1.12058463458472,-1.1411289082709,0.0506369080097126,-0.471127157075844,0.250560614061968,0.736519299830524,0.698977415774605,-0.436835802729152,-0.536532145066476,-0.966467981713126,0.169176880597604,0.632166984172767,0.341499487479646,0.440440907032342,-0.196089549128138,-1.77259550430574,-0.557470514911553,-0.771523004448848,0.19312678661015,-0.355991419938041,-0.220068897399354,0.391542483273184,-1.54072591900712,0.732161936548524,2.9222765471897,3.0533372117239,3.03470803343233,0.186272751445515,1.26116135198934,1.63648510040926,0.641082121706417,-1.00638671918669,-1.57794277205822,-4.63134902734612
"HALLMARK_UV_RESPONSE_DN",0.005932055242922,-1.52412127798286,-1.35696859905576,0.586018718573245,0.720072941420157,0.781149115268641,-0.833134740375991,1.22058042845928,-0.201819046575201,-0.191599155643149,0.00309866173306589,-0.711518685331805,1.03748359460963,0.141431165954238,-0.726856475919955,-0.0346186338804276,-0.524381634958546,0.473369293389857,0.236271147046065,1.004057813376,0.664214295455283,-2.76809415177876,-1.39433919065529,-1.23430006542442,1.32458428169928,-0.524114235326322,1.40920874354308,-0.200896753745394,-0.146340901329813,0.649390953592848,0.523120451029437,1.01122742285743,-1.35861223445507,0.13925606840161,1.84852662641915,0.774933362851395,-0.295719025246434,0.297468037433942,0.454583490103851,-0.0896244954609538,0.224194721285889,1.38255488433499,0.787922335962356,1.70891688520674,-0.326354410732676,0.868473806758966,0.289439556240184,0.0984685737419725,0.436121147061753,0.48176032082523,-0.931905752526469,-1.76863315512532,2.18225209484558,0.137591179785411,0.335384654258962,-0.0438207877717878,-1.9194301776391,0.47383721200805,-0.549917708176146,0.134071217330995,0.0595149337050036,0.05391620226764,0.536235519230197,-0.915802437317899,-0.692407444736588,1.31457364025975,0.431882025285269,1.46170884796189,0.308161239051217,0.347777318353095,-0.0285930120494639,-0.054302297463482,-0.61352558788183,0.282259915705565,-1.2038559841912,-0.0645197781302902,-0.694910318415691,0.223894563130998,-0.934415535534112,-0.140336429986835,-0.678758430235687,-0.650727260907982,2.39776123948168,0.073507227519331,0.0432782833140259,0.211661979135011,0.147960275868908,-0.294577248488734,0.236388429732551,-1.07397676513633,-1.18263918855928,-0.775079834479773,-0.980211594334978,-0.893366074440492,-1.4444032775409,-2.02054002463061,-3.15458776012704,1.30736431967511,0.890141251674387,2.09654457876359,0.877158531484043
"HALLMARK_UV_RESPONSE_UP",-0.877770937611206,-0.433686449111234,-0.589433610028114,-0.332524654687152,0.511948796447426,0.604470503908394,0.599062668675838,-0.0853792064459423,-0.248731733923133,0.105496969706718,1.13221655357574,-0.731970131262061,-1.38958878320286,-0.39907422096448,1.3494071567134,1.4015328670868,0.576262292990447,1.30325936561533,0.0218402831380797,-0.327711056415652,0.0357304083226419,0.466983007514695,-0.559641974781265,0.201883367083643,0.270401610709255,0.101931548049899,0.278094308149509,-2.62391804504042,-0.723220025824312,-0.159263563229444,-0.212939236411407,1.33764577243379,1.87540378912248,-1.87803615964816,1.39951388739874,-0.274682585484186,-0.641794156897071,-1.43893182700493,0.749248452844442,-0.548108581571313,-0.813914134895685,-0.423261118550594,0.166588187941507,-0.299445613328144,1.16895985630174,0.329883439205671,-0.00169257532552043,0.4515730385437,0.423329323316537,0.301884171639681,0.655699613926554,0.897086284675736,1.01177701564442,-0.690389195907411,-1.23354974369914,1.01402583415729,0.99815362100705,0.98203358868354,0.86336899896329,1.11587233399078,1.21271283508476,-0.180583878014622,-0.343324942154075,0.454616675455582,0.350772675187388,0.221968287394562,0.719308427514068,0.591815669246993,0.0437912949252755,-0.285792247796855,5.34855617239131e-06,0.393323454636828,-0.102157188606095,1.04361947779006,-0.988625452875447,1.23172808090117,1.47552641793408,1.83791583706592,-0.812294465464647,-0.494436505801122,-0.42157014954953,-0.495802535617367,0.108458064316902,-0.750578123858392,-0.9708581945027,0.813658434500429,-0.298438735928611,0.0356820102015545,0.53795726939287,-2.0393129647207,-0.0726553374867858,-0.674922071743776,-0.666508860313463,0.580101681984183,-2.33452041379236,0.538399940149318,-0.325782486508686,-0.177531651066404,-1.02335725672141,-0.563629490644095,-4.93258852530523
"MP12_EMT_I",-0.323738337917469,-2.14622052622456,-2.42838998794438,0.365815443462451,1.65102616506192,0.856231584929063,0.115655204000523,1.27283878134384,-0.055641947980036,-0.15668775580387,0.425499950724934,-0.525174617848386,0.363535563824881,1.12003683983117,-1.07635897159051,-0.647272754322172,-0.235151505944656,1.02483558979324,-0.423828599918679,0.0593679595298194,0.345003657575351,-2.20358179940856,-0.66643112915081,-0.458362461901531,1.36395514753917,-0.284342913032326,1.38941104804088,-0.222060028683108,0.0973496361962615,0.652158561391061,-0.532484432200161,0.733749334827542,-2.89158570813145,-0.685969680808521,1.2884625498732,0.953836078744613,-0.517429813591349,0.21033844239445,0.497950233453464,0.0271064517826045,-0.575499484872884,1.15960819093786,0.754700211808483,1.82845120878954,0.133696692130096,1.09838091811667,0.812770986912975,0.768362723035693,1.38113101806514,0.865021866909654,-0.227795444050357,-0.86113823174078,1.83747968204655,-0.193153526068012,-0.308357845603358,-0.494260491779147,-1.88214820419451,0.122145048963124,-1.00657187498193,-0.467565655078137,-0.703553183240053,-0.0207553119655051,-0.076481477392788,-1.48328609882225,-1.0631831324118,0.363567591625029,-0.479524617180571,1.41479810311577,-1.04741880252989,0.704226071362737,0.467533980818544,-0.409824646028016,-0.96733718325865,0.114028964931118,-1.34446492641668,-0.344043137443028,-1.0686451735592,0.304353841277122,-0.84328765770656,0.703831470308789,-0.093367916760674,0.328516986421005,1.75293845582029,0.936830220072551,0.911019956880509,1.26026882698333,0.948011888895622,0.846577009153727,-1.02693822090156,-0.492065241937334,-0.862083893241942,0.513022144200788,-0.688418849095839,0.0728376346275008,-0.6847453967642,-0.671134954337604,-2.39255728691367,1.82382067724983,-0.512034282101049,1.29537417931947,-0.565115654319223
"MP13_EMT_II",0.0512687820553604,-0.0596822255794129,0.258615198964241,0.643006181043137,1.04372410636515,0.0182620849500715,0.0978302659691432,0.144392164564854,-0.813710428473014,-0.456006397567607,-0.500900593420004,-0.811500159315004,-1.12907803650196,0.765432377026524,0.894266593773532,0.76018764445089,-0.789618067843836,0.261890244539763,-0.00858877938959148,-0.689688712428632,-0.159269347302916,-0.336791114473689,-0.404067907744816,0.134850572862754,0.520177382911937,-1.12651293191298,0.555725530097112,0.307625657470125,1.08823932723622,-0.228723901423096,-0.520675840877889,1.18820149878645,2.62084886785726,-1.54117429917745,0.5987033976245,0.00572808461802122,-1.08470739631309,-1.08488323072201,0.0627105736458347,-0.784113977491805,-0.832494676757596,0.0636578514305207,0.852620236517318,0.55937154328707,-0.932560880670012,0.555485143086802,0.160461265204845,-0.974157037682954,0.330828087454592,0.0180013921012026,-0.143304478862351,0.165807970332007,1.71348161333084,-1.12086459586662,-1.18629858129996,-0.815884306468313,-1.16324878484341,-0.25666346837365,-0.71199032456023,-0.793798958304335,-0.266676861929437,-0.755714100504661,-1.21499335680883,-1.26251871268452,-0.647857860759865,-0.370775556923917,-0.771658892655553,-0.236584991809967,-1.18285806948531,0.260231245123549,-0.681400638124883,-1.27196808465671,-1.31052286201775,1.28768150669825,-0.202393362561341,1.11179225819812,1.13261255762362,1.30564486551593,-1.68571473207098,0.00498960857049494,-0.843345734366342,0.17338725259983,1.59099937456871,0.872215982800271,0.803742775030831,1.2539965122991,0.811971467532725,0.650859703027121,-0.467679461469017,-1.02576174396158,0.170994516603324,2.89338340445653,2.39583160467293,3.24579275170381,1.66369235056545,0.226838916603824,-1.28000714479622,1.23065475797261,-0.700262242469013,-0.202799505956925,-1.686261694064
"MP14_EMT_III",-0.91913570544248,-0.563451765647985,-0.331506383460096,0.47121248202544,1.01441876560306,0.426052434350804,0.695636821195575,0.359995052107098,-0.613376137273928,0.0751791307907757,-0.337001760556624,-0.673249009537357,-0.853595042933399,0.926709373192569,0.0788258578518465,-1.15178937375333,-0.366030186193292,0.447736941974801,0.478926676220348,-0.629888588083191,-0.510550570288491,-1.24295266966578,-0.741860600345948,0.607745464120135,0.654810459022748,-0.153296133378085,0.714716615974025,-0.979719298939052,-0.139569465572633,-0.587074086568563,-0.243371395177524,0.256768850336445,1.90800421902074,-2.06356638513974,0.0514984342104618,0.0729500234779465,-0.412988883340044,-0.794339118472494,-0.309783669663618,-0.824616446913065,-0.414008001227448,0.191684321060327,0.602208806030663,0.423804830288517,-1.17802319350862,0.911096941739568,-0.32906847587298,-2.04237331941764,0.260160663521406,-1.08493476841281,-0.511666714261361,0.63610618580775,0.606494318662138,-0.918880109647158,-0.478901789583121,-0.0517712676770376,0.350600341561659,0.439896899174755,0.0701928122485827,-0.0721176850924777,0.188153669010735,-0.325386083378079,-0.793190299593567,0.391314732859461,0.0928938325252116,-0.848538241404663,0.0665520722497205,-0.568258346145295,-1.47437038421827,1.24172550488623,0.471491105968104,0.37979544377992,0.569237590194263,2.10898872740523,-0.561378383851293,1.25934358258584,0.979139616194245,2.11601466157661,-1.19189183445977,0.312043313627646,0.196126188110141,0.214571425588316,0.98163173328683,0.581447381535684,0.289257238581353,1.17929038641136,0.441333985801705,0.29962279472891,-0.0243350716379137,-1.83414450787385,-0.0187963575510839,1.85283499277155,1.54098106608586,3.12501955476245,0.567718430714156,0.739596259840316,0.119799019481281,0.732201414164551,-0.903712477725187,-1.11532044442733,-4.58777901298414
"MP15_EMT_IV",-0.780821951432002,-0.500975536954228,-0.990637978333597,-0.0492918306402561,1.02776856434883,0.423636195863026,-0.926976280538741,1.12309366501932,-0.325577082655127,-0.55931404605008,-0.16681708612858,-0.946164458561612,-0.000342289849228558,0.484988179237631,-1.55777850938158,-0.244992565041088,-0.0528080961632988,0.795044991380677,-0.707529108053887,0.0235001839975896,0.808103849524993,-1.34969677174944,-0.56947820153263,-0.424434702972132,1.31327613393887,-0.369905817809016,1.3042901149199,0.0108919503533242,0.255825195051884,0.227189382412082,-0.11050179387481,0.713622892031557,-0.573202007635481,-1.66060142104332,1.76618901734827,1.10121314126735,-0.588787882389559,0.0938758826541575,0.93848285231384,0.0668452410007012,-1.01548971450777,1.35045892935726,0.66725655128172,2.62343202973926,-0.37251336242212,0.37161137462813,1.07728452628631,-0.480018918404817,1.54122389368813,1.47302154034698,-0.0378576297299309,-0.755616873582808,2.49611315284169,-0.601394970292746,-0.703651764255762,-0.303185811598379,-1.10458488594323,0.494857833043397,-0.507390781996186,-0.77576742396415,-0.445735070150566,-0.294888438418261,-0.839559061935098,-1.33362292521975,-0.487641963366951,0.83562212659995,-0.12644948213888,1.59116542952917,-0.772778795194377,1.47433609893224,0.277215959503295,-0.319500047296473,-0.657871391297682,0.189984171743626,-0.73215497214796,0.250270399270668,0.110453209779878,-0.171048427152832,-1.00953835944084,1.1182045393676,-0.113188579354998,-0.493062146014884,1.90626893904372,0.707203194427052,0.93715650369196,0.561170905118176,0.556462429726472,0.487588297283751,-0.179641703059842,-2.22640903663713,-0.65935448883592,-0.576733818715622,-2.49221811295989,0.336203104874624,-1.49272219808116,-0.695815663429214,-1.69330446634185,2.00082103206391,-0.425623723920927,2.04128339353528,-1.6015365717694
"HALLMARK_EPITHELIAL_MESENCHYMAL_TRANSITION",-0.618599298208219,-1.34138954105147,-1.47632657025173,0.651244303392161,2.50267688919178,0.635516557485986,0.559477586092868,0.950358902660952,-0.329023957509714,-0.427048147025578,-0.0951436224776219,-0.867138392488331,-0.228998486760174,0.950898397485952,-0.360112754022981,0.0336428335168629,-0.366343627442003,1.17721128495993,0.0785691749529298,0.02921377956106,0.109275003811273,-1.74258438711592,-1.30877797432669,-0.707733501043336,1.10133292209919,-0.382184028642388,1.13296334559479,-0.429627624841877,0.199648961201288,0.0073335174688437,-0.335664394394731,1.53506783072238,-0.216451543672145,-1.12355559668117,1.68498117472848,0.55444658518135,-1.07884536169323,-0.484628251679699,0.408445299333228,-0.630663092189831,-0.480254322149322,1.08840557199938,0.84514356444701,1.30727494641046,0.0626473791819591,1.0172053955986,0.817859948332353,0.93339826016368,0.676665418197124,0.518023225211492,-0.509925230396559,-1.18590851108438,2.34702785550335,-0.792296162270909,-0.940285457886878,-0.792025896450578,-2.01415166229037,-0.32373443695496,-1.15813673882524,-0.830242635879941,-0.659678616255061,-0.778456531731306,-0.633595948587539,-1.67485222915792,-1.2579657425691,0.260835521707306,-0.920742025597782,1.2064325105037,-1.37972080691474,0.414827940787733,-0.0392263898917461,-0.334435361031046,-0.798833836956133,0.864615732187772,-0.587264361146482,0.340462630646487,0.114153063041791,0.86713170135918,-1.04911510846458,0.195287423988156,-0.452947406809838,0.439917878639533,2.85500206714949,0.708390760128129,0.461059918477432,1.22806065034962,0.625406006850145,0.712437378186243,-0.619646322912666,-0.947241647451715,-0.62909630037398,1.5484029464162,0.728638904094688,0.974676691469146,0.378146254753794,-0.973524412512196,-2.5250717986746,1.56372020877122,-0.705398685120581,1.1218522618444,-0.980799625971649
"MP22_Secreted_I",-0.894553140201117,-0.88068914078464,-0.778120551815696,-0.219134080348764,-0.085461947622356,0.838490091385322,-0.730714047316473,0.311695449879601,-0.31993074709169,-0.244524169262893,-0.604148620473857,-0.792221515448005,-0.437440366523147,-0.0711611922073036,1.33125241169472,1.57805321084988,-0.471235858230152,0.845909074101852,-0.544875201362185,-0.325284958075645,0.165714282043043,-1.01163527380115,-1.44486917627133,-0.906150325722037,0.634925322672736,-0.581798804443342,0.665507551902842,-0.697889259791076,0.129001987569772,-0.458787447217893,-0.215353990577926,2.31730313705947,2.73619835519486,-1.5969647294183,2.60103832933392,0.0503775180447897,-0.702166310905042,-0.968351175692649,1.46317228614585,-0.289900797940302,-0.86707383605174,-0.2751222480136,0.73967399156501,0.53166548799845,-1.36047741766978,0.695184383721159,-0.979874239800924,-1.58859778014161,-0.54170561191696,-0.645979403648588,-0.710988356281482,-0.472899480794075,1.44066892326351,-1.24637496048456,-1.07534893693102,1.12325368529183,0.147292439598318,0.844356283306039,1.07933017818205,1.33775192402655,1.5905897750114,-0.0520945254787117,-0.511744298643872,0.695879584416371,0.162380459672374,0.720033083821024,0.212971644894679,0.671526982123299,0.974967915469681,-0.827699645327491,-0.816049759657766,-0.0604462939868982,-1.05925708603604,1.28602048119485,-0.0975929155786004,0.993535105206379,2.23043072706599,1.64848812437697,-1.32380312567804,-1.1795742046564,-0.974061433074711,-0.193375153875267,1.95622914856851,-0.85632369559683,-1.03887375229132,-0.361561902253668,-0.741603166416916,-0.851872513552413,0.724672769180664,-0.994675672926331,-0.578002491927214,1.04584250918248,1.03746214395174,1.0307423961695,0.741871947308614,-0.57373269204412,-1.5920084192599,0.415843848402098,0.0324556373439726,0.0163218436435504,-1.07392458329378
"MP23_Secreted_II",0.0222391438902706,-0.41434068204302,-0.17046486293894,0.0274671797902878,0.914216230016029,-0.511338009910297,2.83757673925729,-0.343953955742844,-0.76051301326332,-0.624801515095388,-0.467154156590611,-0.613059491003233,-1.4226313179633,1.85686085794806,0.890539304850022,1.5273995707727,0.103792954723199,0.491505076310452,0.164337217545986,-1.395478700362,-1.32366359640359,-0.189033944356085,0.500708842116985,0.50585992393212,-0.36790105599119,-0.401644614766583,-0.400733694720896,1.45756707230091,1.44019693191698,-1.20820568782986,0.0558063210073114,1.11657318478624,3.23063121131161,-0.746334210071143,-0.493776006107208,-0.64189582137283,-0.448681355107297,-0.85711364494626,-0.140767888113861,-1.21975840625713,-0.94853997638172,-0.60180303190827,0.489032145139549,-0.85397511223253,-0.174488637035042,-0.592244177141057,0.640861522656019,-1.06868343343206,0.473632575297277,0.295343675817973,1.27795945691235,1.53214968237213,-0.289947532799919,-1.21350272563346,-1.4714903495469,-0.0934769904993703,0.318401442574707,-0.0787690803992612,-0.0463141441099999,-0.190606584137593,0.203964233899451,-0.475198480523412,-1.4944412421235,-0.118548831521814,-0.265005288011661,-0.490693944242612,-0.402496842092205,-0.814161185586682,-0.128722482888983,0.95027741091467,0.102650268972505,-1.16163943994968,-1.1515114174231,1.01612480798026,0.432093400460729,1.28176142825994,1.73853097425223,0.901165828865408,-0.586549311980861,0.59896690420442,-0.590382577100018,1.9484611626072,-0.126376131306785,-0.0326034610032534,0.573443627840901,0.465260411812872,0.644257800781589,0.189418011161,-0.600584453562759,0.258979395319355,1.81073291693944,-1.82703508688982,-2.26547139727585,0.722251046167477,-1.46767814696395,1.72037966702964,0.361087127642949,0.986557487022534,0.0339253196858735,-0.60423177253118,-1.72052859587474
"MP38_Glutathione",0.499237233299969,0.185713793806878,0.42374195890203,-0.725502509024118,-1.36724221774971,-1.25842317689184,-0.663275597712967,0.441958338410608,0.612884140975387,0.717227017591918,0.298016920365346,1.36629306797658,0.614542881485274,-1.24804171582317,-0.284812503654054,-0.0810181796624027,0.629967933285538,-1.01989111626244,0.115823727849295,-0.620049202141892,0.477313830520698,-1.00973728065505,0.646340377377056,0.260810282778405,-0.908710826716971,-0.107409850190493,-0.919442148996965,-0.332492295739445,-0.747968070759312,-1.2132426992809,0.717795818901974,-1.54312099052154,-1.31547813461516,0.81441828456147,-0.15868226338949,0.22294551066694,0.60365490827446,0.207334789365981,0.0345310469257599,0.337118185706038,0.929368965378715,0.153874351657254,0.133981718208119,-2.19694297209474,-0.529842787020915,-1.9528351771616,0.416714380725948,-1.54804636243909,1.03205957065771,1.22025538030175,1.0697080441309,0.893252423657043,-1.717758619041,0.994248726501603,0.483071558682179,-0.0130857681122331,1.62758647402821,0.0961451929407287,0.731476660523072,0.724204591655189,0.933908285481287,-0.344718575014589,0.0963487832098675,1.29296467540341,0.0486644756823316,0.55157438367232,0.3566282611948,0.171639762558101,-0.0242620285092111,0.936122277197569,0.693152788017105,0.81009119111426,1.14242395286636,-0.975163643113183,0.48373475188706,-0.165650487789386,0.10915504617566,-0.996944075189017,1.20068809647552,1.10204466395826,0.957085821330367,-0.271330834594669,-1.04153891760826,0.0581271456639657,0.348401807725388,0.204933796690667,0.0163753794404058,0.236494548705492,0.927395084010083,0.64862967947776,1.1293111212294,-2.87650887711968,-2.82636915400793,-2.41301551054826,-2.95410573577298,0.882071052079507,1.10973831449233,-1.10175677979019,0.797439001397959,0.843923151633781,0.651731697867776
"HALLMARK_ESTROGEN_RESPONSE_EARLY",-0.739521085282961,0.371742407010705,0.693424627086278,0.875185399754442,0.750323959554237,-0.035357385711298,0.816282655065105,-0.359220285582671,-1.28457483486539,-0.692298810939392,0.283337268141017,-1.11166124252284,-0.375634483550903,1.22518483450887,-0.106049729161678,-0.440841900105042,1.21157245724804,1.3769780189277,1.55722852544924,-0.54941048685125,-0.185033370542197,-0.284084521880319,0.0417929748601684,0.00436816734392302,0.171264485112665,-0.488289925778593,0.278561945150594,-1.31631576164395,-0.606818826799226,-1.11080333020539,0.512877104423454,0.835166663532113,0.650637211707995,-2.12593895182696,-0.0157206745859573,-0.296505954851624,-0.70135553251546,-0.807875848646413,0.915709540528113,-1.04827728247509,-0.0250340840114148,-0.145963060629051,0.756877690525828,-1.08932760665573,0.636959500531148,-1.34874936669767,1.92298207163597,0.285207637369211,0.86414876694148,1.31966015532502,0.960619307005758,0.571127406100477,0.104030810584629,0.176388847297913,-1.41783031764976,-0.457636260064075,-1.59972837066526,0.0634311434884019,-0.174867254566139,0.117441652867848,-0.33220844631723,-0.964125950058429,-0.63611959168271,0.379066640896106,-0.905169327106146,0.0772152969567134,0.192915193843245,0.0985164963343812,-0.33459935872375,0.260904785680128,0.118190794517189,-0.583508049090239,-1.10131436542738,0.288004235468907,1.15645367229682,2.00990763373794,3.17289597994874,0.525974638066059,-1.09614301848071,-0.456438378513241,-1.01752752615107,-0.132292180901264,0.47869023908058,1.74685721619375,2.47586313283434,1.27283231832226,1.06809007683958,2.04692367003911,0.108923574788847,-0.440000340206583,-0.521907080870911,-2.02617240035779,-2.34329267180725,-0.598165008560235,-1.41869278378015,-0.41539000176646,-1.01991464419919,0.132121383448981,0.386508777225498,0.659013254137732,-1.72267457447085
"HALLMARK_ESTROGEN_RESPONSE_LATE",-0.736280190934305,-0.0283720498260394,-0.23559841021892,-0.12654219285601,0.767194298148587,-0.236563688950695,2.30559847744788,-0.0499787727393485,-0.547263840609235,-0.116228295543063,1.82950576657903,-0.355886902897983,-0.963642698736608,2.11363125184629,0.519894387941736,0.532263247781471,0.669338063374663,0.907808932259502,0.890776446452266,-0.592621151067635,-0.202179697400433,-0.295662845742753,0.935654862970001,1.45774086104238,-0.0383486626689217,0.0388709907419269,0.081307637824232,-0.110910978568059,0.518468033474948,-1.00841285422145,0.33391377296333,0.72793542220587,2.46731693281481,-1.43758222111358,-0.190526333652317,-0.228967386881668,-0.584680262000264,-1.09297569022678,-0.143076118091019,-1.60864562585792,0.480497258351053,-0.207603471720482,-0.365138087112316,-1.3427655614244,0.199080686997651,-0.986009706776968,0.713400110671288,-0.257787757490129,0.909863105496825,1.38529236496337,1.6669240181364,1.22714147176166,-0.130442177528997,0.0248142622156573,-1.53704162978681,-0.672694581843288,-0.97855882803212,-0.378024085873031,-0.5400392558016,-0.863885226549477,-0.634502019885639,-1.29252373962981,-1.48944341132289,-0.290762779372133,-0.693876044130767,-0.561034309631029,-0.405724018053363,-0.978709761187677,-1.35867678691103,1.37916673741237,0.61932715284602,-0.0103631786501699,0.318822213215513,1.05351334435866,-0.119098044189759,1.67325097546372,1.79448431099787,0.583100463466161,-0.753759256689071,-0.0514891274647088,-0.139025165091582,1.65943668608724,-0.751241519590376,0.823687896691892,1.0049620250941,0.734049936039348,0.0576994664337879,0.796661200935696,0.00066951731956522,-1.92896012002334,-0.209042542027946,-1.17287676604624,-0.748874836967147,0.809026282218159,-2.12225574965453,1.03729473141219,0.722964655036357,-0.0338011485356039,-0.415494450226589,-0.170699980612808,-3.24917826285304
"HALLMARK_TNFA_SIGNALING_VIA_NFKB",-0.891478981303611,-0.564995848622591,-0.624746889638111,0.183837342571415,0.0563207259951408,0.951859265690664,-0.939326943935238,-0.0493552230483126,-0.193781705208956,-0.376866261985877,-0.385851550975112,-0.70422645006759,-0.830398645690071,-0.700532533471539,0.847065529590521,1.39798094882048,-0.387791933151925,0.825045598613797,-0.533079653692552,-0.605245262431948,-0.367726510540099,-0.946608265307144,-0.419253744996546,-0.186083823936058,0.689805315415231,-0.746474975961926,0.71477287809269,-0.642259918862607,0.337184772300746,-0.408716813071615,-0.728845622242784,1.79611287455171,3.60264387104041,-1.72897753001851,2.07354489795919,-0.463925384140077,-0.24411829564039,-0.703159169923425,1.76501215923946,0.0827205796973793,-1.43178618314108,-0.346173939138014,0.734931618312828,0.894048193413331,-1.66958510676212,1.12724445917599,-1.16462675168237,-2.05688605799902,-0.377422192616965,-0.198541141608635,0.265871588630624,-0.00450645081734305,2.02347015247029,-1.0778833697584,-0.84912955834048,1.17542695087237,0.170177659792329,0.923472146696798,0.894029244076716,0.983716684265939,1.07998518185222,0.620634574629915,0.618350960485796,0.389061426148608,0.646017790742422,0.661773945449559,0.606825107768568,0.841826041719644,1.22479188502409,-1.384475966094,-0.370847903223301,-0.505616455548666,-1.29124047655389,1.22716032206455,-0.148455502698402,1.37022608539385,1.93478381571935,1.86394928128029,-1.29809822958328,-1.09226307029789,-1.24125795864124,-1.08247828078519,1.69963910853718,-0.508237458834509,-1.07834264257417,-0.116688294853894,-0.602566092691658,-0.467292657073514,0.0160542316620214,-1.2486320285432,-0.671440664507631,-0.197777657004457,-0.368462337950623,0.152659062109296,0.0709080877037603,-0.381139798473188,-1.16596644389532,0.546064224359412,0.568791529416496,-0.0206476888026618,-0.863501820993251
"HALLMARK_IL2_STAT5_SIGNALING",-0.345192801548022,-0.569895808595931,-0.537193066197749,0.672301262309694,0.0912145596737773,1.03594031850238,-1.09295862683502,0.0704901662188233,0.30958411669949,-0.176336651514325,-0.338565957102314,-0.3697451774312,-0.669409365162723,-0.977668213508134,-0.727528585691933,-0.178332243533131,-1.07232892505856,0.428252171991017,0.543062326453126,-0.0282642302401036,-0.265025958254371,-2.40881183058522,0.243826691251925,-0.0569584157901294,0.685123321602583,0.616506143297206,0.720287355471761,-0.485779011402351,0.290422009283746,-0.340573629688556,-0.0214678078739052,0.487936878092589,1.48531775055952,-1.21595338999599,1.0208979057139,-0.192380112548558,0.609526175629585,0.184476616053166,1.57747159693491,0.111764961517766,-0.603678251239976,0.437585201107092,0.200590543521075,0.564811677764699,-1.5088338678126,1.50011040407253,-0.279144416017183,-2.61480888370002,0.286759878638722,-0.198679619938639,-0.181127441769502,0.0997271332024224,1.87747906094569,-0.139055019891398,-0.0916727472356726,1.0643693991316,0.590674699955347,1.64176963088759,0.974440158651613,1.36789746943749,1.09810047465159,1.37793410935592,1.07037856089052,0.803267262939776,1.59823357031555,-0.0218417661398502,0.939375501613358,1.06861171782307,1.22385667263074,-0.636443362094623,0.39469257532597,-0.84931119487409,-1.20472673605651,1.71091736454314,-0.49937500561045,1.56084691569636,0.603547790065924,2.00517043012484,0.0325650718480409,-0.130430468964012,-0.299943823401326,-2.01271850928607,1.29434670620934,-0.6840270722706,-1.40850121128517,0.0506287395430868,-0.454359240375192,-0.910021484624594,-0.597231622739811,-1.1253582517726,-0.417142618439457,-1.47773299152078,-2.34227753280583,-1.67260713131075,-1.6275139530665,-0.293862350878977,-1.21913112321675,0.87925118414958,0.11199684365097,-0.167856461825667,-1.87455510722749
"HALLMARK_INFLAMMATORY_RESPONSE",-0.296750219315323,-0.546542861371153,-0.0208946902158635,1.15549690766764,0.618818575578293,0.779016421800669,-1.3812467644941,-0.167448888056892,-0.00496862095243036,-0.841829111389703,-0.127895835970144,-0.364436634253237,-0.885934489008119,-0.823479100817924,-0.422031188944728,0.307821232120851,-1.14311274454671,0.963236257231957,0.319547638943545,-0.289155001949161,-0.734521445581889,-1.62416343997839,0.941468018449306,0.555047624575956,0.735884626245915,0.135761721195201,0.760580046563337,-0.523218966743333,0.276936881652779,0.369683086908816,-0.833452968498935,1.08996546475855,3.28658931084215,-1.7383796113631,0.817888945113277,-0.69480471441347,0.192605031510561,-0.111557189894474,1.25664742782825,-0.0382099066147809,-1.32006023095431,0.0983654250605019,0.516682630626582,0.929567849383145,-1.78558200241927,1.44676017009422,-0.578458373219461,-2.58850992533638,-0.0606675691276705,-0.167127051414015,0.03017311857333,0.273060395064949,2.39734322524521,-0.551942410894503,-0.595138763785053,0.617649883303036,-0.0815011259105236,0.944001861718603,0.318839507253942,0.899031759637254,0.493545589276077,1.06932377079556,0.75888895871316,0.251513796005072,0.954464526164572,0.0542141462429242,0.701407388903185,0.562339839806267,0.700982092683723,-1.36099246092427,0.0373615571782872,-1.57213941822231,-1.88202590010153,1.98395898003078,-0.140637210302967,1.74582496341388,1.19956990600888,2.37107080860521,-0.792642375214368,-0.787701363513576,-0.726022247024934,-1.92603438011725,1.37826986490771,-0.330880699044164,-1.00827969738905,-0.046635475699144,-0.284623839284965,-0.642415489477976,-1.10075811080437,-0.539281776154142,-0.158043897874386,-0.649383821608492,-1.20703572234267,-0.580813373367368,-0.234509915845482,0.354827676433873,-0.646672830531553,1.18853748716118,0.369563931315857,-0.402364447166138,-0.847220029148024
"HALLMARK_INTERFERON_ALPHA_RESPONSE",-0.911579140456924,0.441269393426025,1.12643146075207,0.767515750237738,-1.19800672095121,-0.357198449808358,-1.40187985900761,-0.600014646943816,0.569853435818495,-0.867832212237519,0.47403604257441,0.126877739342394,-0.299506099140335,-0.707994546105376,-0.867079830699021,-1.0674158374452,-1.41352206923456,-0.113671951034514,0.867263442588894,-0.0224016771958419,-0.500396147775291,-2.28554925287296,1.74048859927245,1.33360844560006,0.526609832454089,0.0356061177442023,0.497177821717054,-0.743140416175581,0.150577310800866,1.46063768978566,-0.142580601949295,-1.17688867250785,-0.274885490352926,-1.00264263303454,-0.282795459452662,-0.800133366264252,1.05495159062592,-0.218934846146092,-0.502501433404985,-0.254736676396504,-0.683686418776975,0.149821303200675,-0.0977170838820044,0.970883986541143,-2.2366516895988,-0.301038915542278,-0.576948318451905,-3.28583049377292,0.473993970957795,-0.238668121624607,-0.39521862643574,0.476125975177971,0.116299962418403,0.323148628357569,0.0339988349763046,1.272852941305,0.960660605316908,1.35153922293122,1.00605808346466,0.900281700241708,0.726600605882968,1.79252160993297,1.3935526225837,0.582042576932092,1.89072152233815,0.128076344178313,1.63121780056158,0.853724308546638,1.03776736536959,-0.104908054398613,0.0494674504846853,-0.576425974872479,-0.240920791897312,1.82196448954195,-0.467574254056096,1.62294900676489,0.377510887180597,2.25529896958593,0.730335266671901,-0.0624531688839751,0.0472955114714428,-1.90876067619816,-0.35936447242839,-0.62471208046815,-1.32077724453688,-0.454033903705965,0.0439996563776031,-1.0570331143863,-1.11795071607123,-1.05494497112829,-0.564882604461812,-0.334308175100327,-1.69221426474036,0.929359630197775,0.801361380612833,0.33788494276361,0.458597556862997,0.912771110649982,-0.114279542217684,-0.485730214748279,-1.26326857414265
"HALLMARK_INTERFERON_GAMMA_RESPONSE",-0.74665795101458,0.270999390262829,0.588244571222723,1.03262555033306,-0.415366605743736,-0.04817737159176,-1.33232873581984,-0.48920580463635,0.37689436612345,-0.872736127431917,0.284281864328506,0.0711459714573112,-0.724623450821989,-0.869797709912193,-0.888648291481931,-0.705053288272999,-1.44761493316612,0.341633338612597,0.724452383135683,-0.139520588029252,-0.567603700417778,-2.09930701122374,1.72955843953495,1.2185487465727,0.759375254752223,0.182166076575377,0.748297168493629,-0.80895630452856,-0.0281821358461849,0.841295693289504,-0.487573245658713,-0.421962273261028,0.564493909999791,-1.48465308903105,0.306468405590732,-0.861983663302081,1.09601216389148,-0.0262668507638045,0.240060878691849,-0.102260508159775,-0.873768946245469,0.215882086967119,0.0263828155658408,0.808079467728491,-1.93465255404351,0.238308524477185,-0.403892485269994,-2.93925728589956,0.244864161683373,-0.327846345300488,-0.300824212795205,0.183392583749687,0.911339290289253,0.166220074911248,-0.042933602189016,1.1495349849907,0.691705294984335,1.55062542055256,0.930519908922815,0.846452378202959,0.685265536403958,1.87420136642152,1.42517829796064,0.631421346790036,2.10045707939848,-0.00451431206493859,1.43711290659189,0.925383679595476,1.23837104007561,-0.740234353877145,0.155722469551448,-1.01877261114133,-0.679175047383381,2.13970058060704,-0.205712000405559,1.99126896974473,0.672584676861458,2.57378478275966,0.388313363750934,-0.341299376252483,-0.276880893038072,-1.99194408153744,0.0358361618889199,-0.606117534106888,-1.37585883829747,-0.360543398755153,-0.128537898158828,-1.08122603549689,-1.24559799120122,-1.0793566726546,-0.415287844303944,-0.804243949698216,-1.97890323215156,0.0105199093114175,-0.027359749587084,0.175995509256659,-0.0589526092776539,1.00576221364413,-0.0158173900759292,-0.598126048789752,-1.38062411639427
"HALLMARK_KRAS_SIGNALING_UP",-0.277847360753798,-0.58435842174397,-0.575649072827178,1.02690727941559,1.02402435886694,0.905505435311473,-0.191664239700879,0.659610090611571,0.287377348176425,-0.196458577082693,0.0515022464028792,-0.299284644421126,-0.27451230000341,0.104753844031391,-1.52385382992715,-0.425089622813633,-1.12172982476429,1.22045323307642,0.100768288834343,-0.228551105249186,-0.183083213689396,-2.50397223921433,0.115054479562168,0.086415781411867,0.898903780097681,0.17907192205122,0.891428640037956,-0.354107251957869,0.0118053472463954,0.413737117986103,-0.498463064191215,0.50600886680947,1.94037739284471,-1.48307444067858,1.2501774836924,0.0876206758350842,-0.372664771980019,-0.306989191746657,0.647022942011847,-0.180201491837216,-0.410488600876784,1.2060159886391,0.895664647234766,1.69834637672903,-1.49748232559137,1.81346404007756,0.297708830096562,-2.39793602894735,0.933203172569419,0.511598936784555,-0.061014625845885,0.272002704684228,2.68360144966081,-0.188616718794036,0.116510276521937,0.575682867776131,-0.274541635457179,1.00128602945847,0.174188938943432,0.641634722352036,0.76915278654078,0.547815605693652,0.413376017727308,-0.146812692581806,0.916180249111777,0.613951580053762,0.443528980700344,1.16762068509106,0.578298971869519,-0.44724611925969,0.0140791130546647,-1.35114008510668,-1.93354415241155,1.08908089022749,-0.944896035195562,1.22144954652448,0.397067436519842,1.17126848518113,-0.714585951504353,0.252589472842608,-0.282330860127544,-1.07458299334312,2.09988563064478,-0.66038350994471,-1.24335338220787,-0.0519490955153467,-0.844577452525036,-0.96081507307126,-0.863051636925518,-1.73512580317812,-0.131092693606159,-1.09473764648617,-2.04158295831772,-1.31167416387042,-2.02584044073516,-0.067038438463127,-1.45235750723433,1.41593460108835,0.473248800193012,0.366028605164201,-1.3896397023644
"HALLMARK_MTORC1_SIGNALING",-0.874486521106954,0.213207570789018,0.361112430023171,0.151651494866445,2.27429835305458,0.347278868139789,2.54829373422297,0.32659005463127,0.292190314127846,0.259120128351684,2.24105475468368,0.599560426214784,-1.78578709880587,0.079520501568418,1.33488378580276,1.37721719179864,-0.351846949998065,0.434582813377458,0.134706861631695,-0.433059839593453,-0.597244018773597,0.924456207378586,-0.165717271238061,0.764928038527509,-0.316761093519291,0.168022058770484,-0.37946418933569,0.115655917815605,0.930637251961954,-0.150342222409058,0.0923960702802676,1.11106650127696,1.74965107969915,-1.25125689594732,0.394041877961493,-0.166693625670054,0.277694767167249,-0.740499870816443,0.0900928086858186,-0.0352740722697172,-0.197386627176041,-0.760280611738722,-0.277846563193946,-0.571280103372475,1.72240919807747,0.490779066987839,0.796126593245709,1.72631990507966,0.0897683895154471,-0.432070660989941,0.491772424239502,1.03681235752034,-0.287740370596042,-0.406516264377479,-0.635380929876644,-0.067612716052116,-0.314680526243945,-0.0291788851372194,-0.503531329825383,-1.02723169751008,-0.194128204021762,-1.21437586939255,-0.465733248540418,-0.166921940440147,0.666846288905159,-0.797073509504789,-0.876711580952171,-0.953911631457716,-0.550023004658222,-0.755475305446671,-0.0181130735179178,-0.477124173953728,-0.133209069833487,1.70942028988557,-0.320010726122967,0.90368016900463,-0.0627761592464074,1.18797363270139,0.358377926947895,0.0629094063163369,-0.511616641081536,0.753198753323888,-0.129333895883761,-1.00972938664596,-0.932261393271344,0.678891719862457,-0.35617098029785,-0.44874095910411,-0.391697768474582,-2.04465678905512,0.718133081221917,0.0446682686998926,-0.100581118448094,0.43429809077308,-2.23668907713894,1.25861636647465,0.636698880175096,0.0206625216368743,-0.686894516225327,-2.16922177395399,-4.61992244116109
"HALLMARK_NOTCH_SIGNALING",-0.473889267206269,-1.50640114343152,-0.910461564091748,1.04224308385723,0.193228583246339,1.20649802839194,-0.454834851553492,0.65062508803942,-0.217845030951624,0.369963399604573,-1.83641675650107,-0.882640149245062,1.27707427984992,1.26524742133104,-0.723626682586202,-0.623435126997,0.834481276083398,0.111697467345763,0.516188763364763,0.578922355699305,0.508260228120893,-2.37162127493114,-0.872372608821938,-1.17471805501496,1.41969949449434,0.842105997103264,1.3420849203516,-2.16579851015482,-1.44915644112038,0.436582447354403,-1.31725767140294,0.849893604851761,-1.43412795609014,0.286643215116788,-0.380161094481622,0.11908207456422,-0.0694622749928897,1.05454500235183,1.4479822826248,0.454216531870644,0.187718930501822,0.273253126136127,-0.21723254784944,1.49970962533461,1.26904539615492,1.27491063211997,-0.189601140944845,1.82864001873419,0.638576065625156,0.40218597880176,-0.436765175491039,-1.90234330356972,0.869307131596366,-0.591220421798691,0.132021981876191,0.314890357904973,-1.11511587065627,-0.22847263740035,-1.02472701640149,0.170390069050608,-0.342697695719061,0.367104964619236,0.34078551214114,-1.38012877671564,-0.91114361611935,0.873476573527264,0.216639484036501,0.674637966162463,-0.172907136858397,0.451444808225003,-0.0515767699027281,0.686758303843608,-0.743993328652472,-1.00767339062837,-0.367483297929882,-0.404371632640237,-0.100131046951041,-0.460849518869696,-1.09548317965949,-1.10060543515458,0.474810151356365,-0.0386990829125108,1.08292088529578,1.62456428697449,1.08140274028458,1.42754138624281,1.07947333730622,1.0777457875845,0.00462312840489223,0.861195723241678,-1.35006418781744,-0.721019221853309,-0.104415802145842,-0.320253174209542,0.467847937139339,-2.32782183401007,-2.97524959624513,0.220276516966585,-0.0415654868174024,1.31916227644703,0.587511156244073
"HALLMARK_PI3K_AKT_MTOR_SIGNALING",-1.31519249540712,-0.170616452240731,-0.541200228960282,1.0267066747845,0.164140993181766,0.622795776313636,-0.829296023738516,0.100995335081175,0.353051307188737,0.0873655477551237,-0.668736121565391,0.104922920213822,-0.917262057281453,-0.136013552612832,0.298330028371274,0.162103425375373,-0.745189698679963,-0.406165160664292,0.875314005957937,0.32331628062279,0.09692538469067,0.0148013201424805,1.11777232121649,0.835242750820533,0.948912168992334,1.13021728063416,0.84653461743497,0.336361589887986,0.778768372496392,0.55690704966512,-0.190587712462283,0.213386730797128,1.50543671313263,-2.00148132810933,-0.304272009122473,-0.317717749133942,0.525875292976364,-0.0458929621512995,0.849879825590327,-0.113664129157275,-0.0570336634858094,0.711682747196406,-0.138601401169726,-0.323171168259821,-0.500496291826702,0.919637563373424,-1.58773081557937,-0.924863774600753,-0.404433906169632,-0.805197182015131,0.214331409771071,0.863214600601415,0.973289598428091,0.682776924529681,-0.118232543301148,1.32700159065643,-1.42077943633485,2.34822865350927,0.891904395598663,0.845566137404546,0.861015727961496,1.64483458891467,1.48283762692709,0.426840005177475,1.59271082090684,-0.106004900432276,1.41717086954908,0.489617021878371,1.07918301406274,-0.372612392657547,0.686222656948854,-0.0628760003546485,-0.523269186765072,1.50823285549045,-1.25752765626129,1.55835689327726,-0.249669152404654,1.61649143153843,0.267207791461834,-0.848629327414001,-0.708974791296002,-1.41347281481945,-0.390847146192413,-0.716800323338781,-1.41986008272226,0.225309121384485,-0.239759255534736,-0.644057737428184,-0.23128133070719,-2.65760722882185,-2.02258069575263,-0.300975169420602,-0.74827311750705,-0.687701423093183,-0.893376208390186,-0.580060586430045,-0.658838046273099,-0.204595773677682,-0.536736287475049,-0.923189803852674,-4.12632345681944
"HALLMARK_TGF_BETA_SIGNALING",0.137570738062267,-2.26537820568389,-1.83716731970473,-0.554244687235409,-0.382289950526613,0.927600281315854,-1.83635867810509,1.0032292309659,0.338675924077325,0.0971424188365874,-1.15598189384217,-0.605111974094743,1.05562220947739,0.0242972452021166,-1.20394229561017,-1.09781293126609,-0.913532531738521,0.120088096766636,0.524522222583683,1.41285758028381,0.872248871512866,-2.34799791695754,-1.36276550891409,-0.778876998445242,1.4940318025751,0.141550780890404,1.51851657350092,-0.416527713628525,0.392531111870176,0.807026305568102,0.165985535416385,0.238872843719273,0.799470901680395,0.195078200850478,1.07595563445533,1.04405055388586,-0.43670767740071,-0.347345702722377,0.614008778582271,-0.158067305679321,0.318576987276975,1.49209019589854,0.863630437023003,1.39483845952133,-1.2290782598351,1.04958394517878,-1.35974390604258,-1.48517765780251,-0.148628807917285,-0.399954635229217,-0.651868518125362,-1.63760101895852,0.855630113388806,0.237557025801334,0.778737505097922,0.807851385561139,-1.08397552172428,0.990180387993621,0.70750306734152,0.850206109018246,1.02233285260776,0.930548520971617,1.26012189648432,-0.637082071631964,-0.094652735429175,1.4190082856479,1.06788045802206,1.27919071617616,0.691380713015321,0.0901997611863086,-0.308336041199605,0.413370992227808,-0.214327927714047,-0.428449693766798,-2.43242212885587,-0.561808003727179,-0.64234184970544,-0.00642004755793833,-1.5596855920626,-0.876713086239651,-0.0599998638270054,0.022940014309479,1.09352470006864,0.207008199778335,-0.398485325063974,0.249886388982558,-0.361965305177538,-0.304224634441064,1.07013209228881,-0.995966467084331,-1.18117170554421,0.238749651285101,0.303359079149145,1.06849359532762,0.0791122443713369,-2.31797814031189,-1.88398658046885,0.360561440472446,0.649632116144083,1.73551642734023,0.361885209962158
