"B_cells","Cytotoxic_cells","Dendritic_cells","Eosinophils","Macrophages","Mast_cells","NK_cells","Neutrophils","T_cells_CD4","T_cells_CD8","T_cells_gamma_delta","T_regulatory_cells","Macrophages_M1","Macrophages_M2","Endothelial","Fibroblasts","Monocytes","Plasma_cells","Immune_Score","SampleID"
-0.0532622854449429,-0.129815930822603,0.0887757921534088,0.0245699573128203,0.184297905155409,0.000532180124658011,-0.123104626324129,0.0501242516439246,-0.00871411508405802,-0.0516730342130565,-0.0673521862495786,-0.0951819567617212,0.0772028348839843,0.0876574233907352,0.608378132283569,-0.0872878343253012,0.148261516373876,-0.0104254224448915,0.0447370927070294,"K023_R2"
-0.0716607474498907,-0.117419024660897,0.119119671356411,0.0424085880524998,0.202642664196404,-0.0166713583073829,-0.108027965379822,0.0605390415224903,0.000410407905518804,-0.0501683470838592,-0.0391703422272548,-0.0552542062421858,0.0883621594861003,0.141622597799099,0.566203000726559,-0.166690357457675,0.157484406638691,-0.011742433329152,0.0549913485892349,"K059_R13"
-0.0552624476751677,-0.131765001000431,0.131087056933806,0.0395461110955572,0.213181244818157,-0.0339188883000384,-0.102726972362044,0.0880006580130501,0.00699056478095825,-0.0384723737524439,-0.0335238257407198,-0.0551404202656694,0.112700373154426,0.143456882561764,0.588889799888619,-0.193713973942224,0.182884663474477,-0.0138968449622388,0.0682883288423187,"K059_R4"
0.010970044001991,0.00424080764807585,0.206588752312761,0.134683910547508,0.299326858368049,0.0779006301762049,-0.00235662724755933,0.1719967801332,0.104460938186613,0.07415982109014,0.0693329588171077,0.0607772047966988,0.206546994750632,0.232757722458328,0.635379142433824,-0.0467409561412946,0.266582477752557,0.0335820454865923,0.157159592457307,"K059_R9"
-0.0241315022424378,-0.132737951220192,0.135884158417253,0.0528451184437207,0.281803540342286,0.0468629959777033,-0.111920916282848,0.0804284556595503,-0.00485722859573242,-0.0528833223047805,-0.0382991421457227,-0.0845809083800476,0.149681613129674,0.198669777583599,0.634412164108884,0.206508018613992,0.166377777799222,-0.00871210819497394,0.077124318418322,"K066_R1"
-0.0121567464094072,-0.124381895987673,0.15200756447867,0.142754205110488,0.32264165100147,0.105082054607245,-0.0992558972124404,0.107200752914532,0.023722133482967,-0.0182231569378551,-0.0401207629522807,-0.0530851546671625,0.192705580846611,0.262921398905976,0.634040249368522,-0.023852480566852,0.204637759264742,-0.0218261003255598,0.102408043793735,"K066_R3"
-0.103507316174384,-0.227032743540937,-0.0113794409669665,-0.106686431023597,0.128091274144549,-0.120880870897018,-0.186425217552289,-0.0790310312607428,-0.12745319846094,-0.179423362453271,-0.15072410226154,-0.228958899369114,-0.00583004100612479,0.0245681346720485,0.607411153958629,0.0397437526247066,0.00832475160147738,-0.0494887155596294,-0.0456431614176299,"K066_R7"
-0.0753768739809174,-0.206460659072286,0.0662184160099853,-0.0505384180692631,0.186374257872967,-0.0442743458888059,-0.160725646229187,-0.0229307897783745,-0.0448104540129903,-0.0931619062995765,-0.111649319048636,-0.12953743119603,0.0814987962370587,0.0606593434896443,0.639693353422019,0.184905915531135,0.0780105336340781,-0.058872113623761,0.0128513652441573,"K071_R1"
-0.0528645099949975,-0.0865139905707817,0.122449622939079,0.00904463277704836,0.215289438844164,0.000262887802505565,-0.0726339901429673,0.0224305063334577,0.0206591641267018,-0.021031176792606,-0.0293337491863066,-0.0434528749048565,0.146261760124584,0.120276246881375,0.618791745013695,0.000294513240817524,0.121460837725369,-0.0095377295902387,0.0651014528632787,"K071_R10"
-0.0963696023288594,-0.138226234135832,0.0668062159215346,-0.0435392313484374,0.202673100561671,-0.00177828181728141,-0.125817673315546,-0.00613074391013419,-0.0402005929850358,-0.0772624834231292,-0.0967473103668588,-0.129153471647354,0.094703620664404,0.0905048475301836,0.627792081730446,-0.0609127992317553,0.0799001754113915,-0.0690165929892966,0.0162612452520686,"K071_R12"
-0.0689597907891804,-0.0699624641605621,0.105385403325948,0.0324968922400038,0.193047172941242,-0.00705104209037056,-0.0782681758380319,-0.0275360019957229,0.00445445241717253,-0.0257701980922514,-0.0387999183177051,-0.0584759263210536,0.117690741240919,0.0677688554849879,0.592311415499946,0.0691344193952711,0.0875085618294678,-0.0340810386204453,0.0462179029892061,"K071_R5"
-0.066929305163256,-0.0754722668902128,0.0998135822775128,0.0127580960326521,0.203574907843314,-0.00903579795946738,-0.0734861600909138,-0.00341731602448779,0.00839832737607653,-0.0254522830156611,-0.0349960197438724,-0.0455374484923323,0.115828796697166,0.096591553973285,0.605923494997182,-0.0517717878583837,0.0963866339908506,-0.0244596862188655,0.0470708553222489,"K071_R9"
-0.0968672284485774,-0.208847019676641,0.0271973040519712,-0.124692256950438,0.146069249594972,-0.0720810516639226,-0.179103125563271,-0.0716157933164492,-0.0807023209033804,-0.130685540462226,-0.149098437939427,-0.186688970868842,0.0313927620158288,-0.00337712883117278,0.640288417006597,0.0310071644945668,0.0333107111345506,-0.0964664048993478,-0.0230765636196147,"K079_R2"
-0.0743183381382597,-0.193986787390066,0.0234664239201962,-0.0693215319459107,0.151787710450488,-0.0916087552228445,-0.171842114409364,-0.0363942105079607,-0.0572849472511194,-0.1368852602625,-0.126526384922684,-0.13154124010716,0.0327412783770481,0.0182464294905791,0.622659658313456,0.153179078949975,0.0240801238081441,-0.0476509446054444,-0.0131165332798517,"K105_R3"
-0.105877143283675,-0.14415936858549,0.0385046600018171,-0.0100366749981248,0.159849185111882,-0.099167982301505,-0.155029105395615,0.00689723900093563,-0.0735580461081598,-0.11972321370653,-0.100234744378651,-0.11416619681429,0.0247777835140912,0.0156318667736207,0.491448137913869,-0.0940228680133524,0.066321743167103,-0.0533741772860366,-0.00779465784750749,"K107_R1"
-0.0585282719600814,-0.209028395160921,0.107389399254325,0.0692828407715141,0.225717534007522,0.0112238382072077,-0.162364468241892,0.0558793538296338,-0.056713337757961,-0.125013261936677,-0.0986406292919567,-0.0989213157804645,0.0999330439099845,0.108013400446338,0.582716015198616,-0.0100469835182198,0.12980790471343,-0.0625398917347686,0.0267979064219779,"K107_R7"
-0.119430549248643,-0.143917351268314,0.0143425244458674,-0.0213567475655226,0.155018347599484,-0.0787429057168323,-0.162023852745353,-0.029731892954268,-0.0830186575089232,-0.117125953957142,-0.124394956793676,-0.143768571728848,0.0288695645956498,0.0427246024032445,0.621395148196226,-0.0456895012877255,0.05507477953793,-0.0562621086359806,-0.0215285184408284,"K118_R2"
0.062018109271138,-0.113633657628847,0.168072993139773,0.129176031500215,0.273520001837072,0.132435428945989,-0.0779835389719401,0.0598945325174365,0.0562451715118692,0.00453995203847335,-0.00201830989557434,-0.0146623512684646,0.186956293887624,0.162109252541407,0.637759396772138,0.0664976648278557,0.172928447571707,0.215063316963691,0.113558208231403,"K128_R11"
-0.0459262756120245,-0.00239912769948824,0.123999619710167,-0.0180441222943956,0.214222385852423,0.00993300229072559,-0.00291485025113437,0.00255065297219737,0.0589177551654794,0.0376140133740243,0.0351022440148041,0.0400559211948412,0.152661519620975,0.0936999704411821,0.618940510909839,-0.158089724758544,0.111148526611791,-0.028984205171116,0.0854594323531322,"K128_R65"
-0.0733660248604073,-0.0877127632363228,0.0809866970123019,-0.0198445737791456,0.174425757364253,-0.064166526129921,-0.100416399888447,0.0369101407837305,-0.00833978924223866,-0.0453200350220941,-0.0554971866353455,-0.0755925598084551,0.0618621231776463,0.0681043141139081,0.641552927123827,-0.0904495580127944,0.124044733140549,-0.0571932061006369,0.0346890374888173,"K128_R73"
-0.100230351400462,-0.0993373009381396,0.0492328988403861,-0.0585314391889227,0.156897476710348,-0.052086856859844,-0.106104639219806,-0.0177057618908923,-0.0307704238210983,-0.0667635254024691,-0.0791779271621738,-0.0910569618487052,0.0437460120591726,0.0328481674082879,0.635974206018402,0.0543811539059909,0.079742431803658,-0.0552221250658429,0.00933173712795582,"K136_R2"
-0.10720768441065,-0.270938096637535,-0.00834291213748315,-0.0921699194670613,0.133604285134163,-0.144761430636959,-0.232012124731513,-0.0422333918492761,-0.137523018540833,-0.197779511778019,-0.172198132927979,-0.23249695563851,-0.00664810618962453,0.00639176143442961,0.520011189973643,-0.20459310788175,0.0245174803977896,-0.0806542682867804,-0.0563330507372538,"K136_R5"
0.00898252882850031,0.163353709471727,0.212913144645047,0.144910911442748,0.294527134023253,0.142604698497089,0.0958044023151802,0.120931328656481,0.148611917124321,0.142264449954277,0.137127224484444,0.122799557106108,0.243906981380827,0.198474704233307,0.603096942970433,-0.0059290231257847,0.199595830367677,0.0535101761353506,0.173690193699138,"K143_R1"
-0.033860521828206,0.0424186601372128,0.166081149710961,0.0899319055043144,0.261590710070247,0.0859901520632309,0.0164846974505257,0.0605432350520866,0.0757532574572099,0.0531305522717882,0.0621374229151224,0.044710107342005,0.204219921778216,0.157699278010868,0.601981198749349,-0.0569543110046551,0.146535665030192,0.00600734422631152,0.114404137473956,"K143_R2"
-0.0284342570307642,0.0170531197722091,0.130269892381061,0.0216588187363682,0.216164899528983,0.0108844570162836,-0.000293120516839646,0.00408369887970495,0.0741895533343272,0.0486774967174923,0.0307181636712319,0.0418018421449733,0.147602897803314,0.0697052729557856,0.636941184343343,0.134862102415317,0.112490179858413,0.00717894581086114,0.0943115500754702,"K150_R2"
-0.0347721988744957,0.0248758687225835,0.123992930070206,0.0102427837960918,0.239442668675783,0.0667839562847396,0.0143642047105346,0.014784044912752,0.0564313973657489,0.05288986047359,0.034400426047002,0.00433629145106241,0.156572911489264,0.127079569848261,0.61544451235044,-0.0751944209463757,0.116458138100064,-0.0392865997462003,0.0927471101733525,"K150_R3"
-0.0305252355264939,0.0273822473918899,0.128252504752799,0.0146590394387023,0.21446400412199,0.0116753741372334,-0.00255981160117091,0.00352398841542716,0.0739436357158429,0.0469661899826595,0.0298764692637634,0.0430914690288637,0.150723328126918,0.0677547186787882,0.636643652551053,0.130959173755597,0.11575907763735,0.00814574483312921,0.0939848098011689,"K150_R4"
0.00905160942759683,-0.138515538545649,0.0849405437421908,0.0307281673901456,0.192310036683301,0.0195076358419375,-0.122028728273705,0.00287373089982338,-0.00615378013786692,-0.069253946369371,-0.0575714855874419,-0.0761803298424561,0.0877714646862573,0.0770679337666157,0.518151616271835,0.164149984367987,0.0730842579457902,-0.00569112010125714,0.041987202664517,"K153_R26"
0.0160087390914139,-0.0576835668676329,0.113740063748933,0.0379597816829286,0.207374327073962,0.0219197752706062,-0.0801205416149778,0.0301242217406545,0.0377830947619449,-0.0239747603589569,-0.0198156969590135,-0.00857697649841738,0.115228715757013,0.0839117424931459,0.54225169144727,0.127617390343021,0.110060745640977,0.0425661836023421,0.0733497967263478,"K153_R4"
-0.0185994334284954,-0.0222853894133887,0.169356516632839,0.0805376022975961,0.274626631838267,0.0399445092479651,-0.0613789626354516,0.0962512072023703,0.0403795652009721,0.0213082929980179,0.00440453089274462,-0.014692108688587,0.186043603997441,0.174256064466806,0.641255395331538,0.0156792096453088,0.179940270259519,-0.00551429935867601,0.102637253004861,"K153_R54"
-0.110629711770216,-0.102935270867816,0.0325695078731777,-0.091395370905336,0.134299897407745,-0.0595228153620263,-0.110924800300929,-0.037467433765952,-0.0528692013691292,-0.0854735265000041,-0.0873235608340243,-0.149203478230262,0.0369440023609949,0.0215998342138792,0.628833443003459,-0.124544681039393,0.0498149205832785,-0.0835426415775726,-0.00525822930766402,"K153_R55"
-0.0601947685182389,-0.222330966952972,0.0954694575016099,0.0371458533620311,0.233419219335062,-0.0416122600488826,-0.167931273168138,0.0664727294529449,-0.0596279936090466,-0.12651927445946,-0.124468582351021,-0.135861145906748,0.0916157133511752,0.109572891532102,0.639544587525874,0.026556123472905,0.140975538143897,-0.0417781150083996,0.0315593561861097,"K153_R58"
0.0177795773609188,-0.171809887853602,0.241579577768807,0.301178802403155,0.377791178778008,0.211241500220225,-0.14176521978904,0.274718051901383,-0.0067433428337469,-0.0773080077476251,-0.0454840929422468,-0.0739464173087066,0.248204233508497,0.28845220179333,0.594096606253682,-0.244028831943041,0.300046837594242,0.0318561903572994,0.131880484983232,"K153_R59"
-0.107897927841723,-0.231418932729668,0.00358155483086109,-0.152041835089705,0.088178865012006,-0.153156713876735,-0.179045263541775,-0.0924311369764587,-0.0977815818152907,-0.152137630958254,-0.146931829289207,-0.195079604120963,-0.0194792979907864,-0.0435149395615877,0.615965192986946,-0.141335251268256,0.00679282512529926,-0.111420843641339,-0.0509793155995503,"K162_R2"
-0.0951078995450205,-0.0757892341484239,0.0684785720810537,0.0342842259537246,0.155587643195713,-0.0540303460473257,-0.0934479311079088,0.0447856057839481,-0.0195714744095291,-0.066896779973665,-0.0829537422796699,-0.106911755913792,0.0597812880028336,0.0110006635371674,0.627643315834302,0.353875480477034,0.092594703783379,0.010406752555213,0.022188179028131,"K180_R31"
-0.0977187067649191,-0.203513029964185,0.0492337776336697,-0.052577595702931,0.177149259271383,-0.0476904961604057,-0.185032224316459,-0.0278502815502226,-0.0655099348936702,-0.126861387222451,-0.144051076780004,-0.147803880270065,0.058372959434334,0.0485584467020659,0.635527908329968,0.0773514232327095,0.0607824000999231,-0.0624682595762759,-0.0106406354180484,"K182_R3"
-0.0206327924294663,0.135810366011731,0.140925949887242,0.0989326289248765,0.233368186001187,0.0720881420854425,0.0699293686778089,0.0341125791591893,0.0967918104959316,0.0889447126904022,0.0797755405989682,0.073706270832818,0.171789213770548,0.117398480650868,0.615593278246585,-0.0550695941809173,0.125287852056095,0.0323301727189344,0.114024465226903,"K191_R1"
-0.0314156375983125,0.028416205258434,0.113990264542821,0.0768756507110991,0.245371377163785,0.0549326243055698,-0.00703369731254236,0.0291204937057589,0.0562560271040022,0.0458184200944124,0.020812643244812,0.0191049493982912,0.146428495023171,0.134722194097414,0.632775739251292,0.0402744777557857,0.136880449641641,0.00428533150402625,0.0907355199707751,"K191_R3"
0.0115428680265019,0.0684636950635722,0.171301844555233,0.16528585916109,0.295905847540145,0.14610359843321,0.031179147595112,0.0703338014031291,0.114618911339563,0.0841134261830031,0.0613983814163974,0.106248028453435,0.211560509917827,0.173765862455414,0.628015230574663,0.016954247604728,0.170436129747512,0.0280271783610521,0.137068494857707,"K191_R7"
-0.05520495904737,-0.0560081119674877,0.092038163583278,0.055222683469183,0.20384117983245,0.034629860172249,-0.059188462006801,-0.0086198280682797,0.0173800479161236,-0.0193413350917619,-0.0320747493801319,-0.0238589678891696,0.114163172603917,0.0807085308055946,0.629354123639965,-0.0337814575402135,0.0910424196118682,-0.0214607049610447,0.0511973646165968,"K191_R8"
-0.119411505438608,-0.101656286376416,0.00843328171294835,-0.133496969321422,0.113550108059781,-0.0940081333603662,-0.124794923244245,-0.0942270949285294,-0.0678553369692484,-0.0987093675405742,-0.10039848922334,-0.159855811269225,0.00442117717316841,-0.0165457511430211,0.631585612082135,-0.142441370851688,0.00762614062500565,-0.119937815720308,-0.0297205892580692,"K208_R1"
-0.0433619651146585,-0.0197106398650816,0.105508892752152,-0.0230941098382583,0.22208410327746,0.0152814417368548,-0.0618205912661559,0.0186785861858978,0.0188335866008239,-0.00677895156461399,-0.0193393788388031,-0.0514398771045394,0.114012226795932,0.115335373819174,0.64356126672178,0.145793387329238,0.122999260594756,-0.0467279285192102,0.0623637845298263,"K208_R5"
-0.060851095060332,-0.112443278885983,0.121385395046523,0.0892530860877631,0.243922667990948,0.0663887473218609,-0.109688133892067,0.0669368446554738,0.0137665769670158,-0.0348184819833062,-0.0564617312443902,-0.05126034646586,0.138325499142187,0.140233733975904,0.632626973355148,-0.017961676324217,0.152850803172637,-0.0275175821314841,0.0672980763983032,"K216_R3"
-0.00332234785574622,-0.0875642130908066,0.199185919248429,0.180270347636449,0.326303500970945,0.181327072960388,-0.0753125984751626,0.140268599830674,0.0553625507763639,0.0190798216739059,-0.0199560200984231,-0.0456163614198564,0.222796144009273,0.265552725482351,0.642445522500695,0.274025770307024,0.233278261406234,0.00644284806843378,0.128697278229161,"K216_R5"
-0.117982761861525,-0.244766792472203,-0.0190302567658045,-0.175821734366326,0.1181936448804,-0.149782187540721,-0.209709043416197,-0.102261294537841,-0.143014228476352,-0.18634326669999,-0.16733202721366,-0.239187236955121,-0.0147934658048369,-0.0167595162725959,0.622138977676949,0.0445031616653512,-0.0154944962872328,-0.11820659715007,-0.0646807038548154,"K220_R11"
0.0225382549854783,-0.0805374008324427,0.195579541609362,0.222680765613847,0.358851421517616,0.1176607774837,-0.0687623737521999,0.194561321767786,0.0765060835128352,0.0264053875892752,0.000629608068263718,0.0173670083254601,0.22225049236833,0.290966200068549,0.645197691579371,0.0742266191602483,0.249957021675947,0.0279011932495966,0.142603173747952,"K220_R14"
-0.0345365156229268,-0.141874738063831,0.0838561671406059,-0.0328398830838903,0.213360288857555,-0.00927757659788707,-0.121742464877493,-0.0366528985786115,-0.0112921614182417,-0.0563449563358793,-0.0584338339334171,-0.0510986243288458,0.100629598180832,0.11346342495684,0.615816427090802,0.124306308420754,0.0885137887765382,0.020636047858116,0.0384841679503859,"K220_R4"
-0.140014775506312,-0.321033584737393,-0.082731887064932,-0.209935217112719,0.0392964912355037,-0.207361115314232,-0.256556924225256,-0.148283961686382,-0.191999152281805,-0.251854439601213,-0.226141142982981,-0.295728688841302,-0.0988224600485051,-0.0813812290818143,0.549689986254502,0.169765137549444,-0.0783351357700023,-0.116919417348608,-0.116755612161396,"K220_R7"
-0.0591156778695815,-0.00207032994992877,0.111902346827344,0.00646920284576648,0.211032700497155,0.00393905749475881,-0.0326985674238191,-0.00308972902148333,0.0485623359702263,0.0137328649027238,0.00520607848451885,0.0149127100588172,0.127566002027144,0.09598772176879,0.623552253690324,0.267133112537686,0.0893175606633919,-0.0295629822210542,0.0666412967167731,"K234_R17"
-0.0808908100375198,-0.0360229659147247,0.0910564674906281,0.0437379731215344,0.20207785761551,0.00974940302100902,-0.0739333205919821,0.0396716992583314,0.0221377988539036,-0.0238055169178157,-0.0348245455569761,-0.017813236274514,0.0936156516944048,0.0994288217023948,0.63076739965334,0.317100289620196,0.106462009581776,-0.0503322679790163,0.0494937711681022,"K234_R2"
-0.041309169286511,-0.0562237721958981,0.107964075312546,0.110756323050426,0.237172679376208,0.0276181514354198,-0.0849523007319008,0.0661907714781811,0.0240944745202148,-0.0244996919554154,-0.0298456088753904,-0.0126157438197515,0.11946366974373,0.119845661308898,0.591641968967295,0.0661844215787196,0.147611247753958,-0.0317240782482327,0.0684360643708927,"K234_R4"
-0.031144172656934,-0.0778669132186387,0.162762377123309,0.188043267878826,0.322031462107033,0.099818046086388,-0.0920237187163766,0.131846308219025,0.0243672389245043,-0.0189647113064532,-0.0273513245674148,-0.0361225500245526,0.193309370408082,0.256946076262696,0.586286396706088,-0.0655963375738578,0.20030604944996,-0.020523799333194,0.0978335874075586,"K234_R8"
0.0610686761443183,0.0819871054624802,0.251914811943182,0.288757596985284,0.400281491295796,0.176808218985419,0.0359273497927669,0.186513191926149,0.180659999949303,0.131819926326158,0.102119939255911,0.159647586422351,0.283551739407388,0.320190148366637,0.644379479150575,0.373682135253629,0.27457677089309,0.0368073055723237,0.204583902029532,"K234_THR1"
-0.0605558477700892,0.0093158968824055,0.107767052921666,-0.0504864786533103,0.184738046671618,0.00355648185562211,-0.0230500973164605,-0.027236950201493,0.025034757570827,0.00872610784199365,-0.00180839477358411,-0.039578541010982,0.113256143087243,0.0632988283416985,0.624370466119119,0.0584741871949245,0.0930110627519818,-0.0213752806897574,0.0583156064656677,"K242_R10"
-0.0530941862830213,0.0580378377203842,0.100259337183599,-0.00294490135370978,0.190017678953221,0.00348184182428283,-0.0198069799248916,-0.0038450630547302,0.0373874937359102,0.0212441108042855,0.00882864352103882,-0.0386346004023748,0.105083247103544,0.077722686480992,0.63366833462816,-0.060535745736691,0.0989859121928625,-0.0217400138594723,0.0616703429415654,"K242_R14"
-0.0357876425531066,0.0319049448322113,0.166512751768737,0.0738461673129809,0.241710235887151,0.0722018067656726,0.00523301901708289,0.080167205544739,0.0645552585295493,0.0460957219070756,0.0351693872606985,0.019849426089094,0.198639527721531,0.133759493144514,0.62310595600189,-0.151589314729404,0.168538393953564,0.00508437822406089,0.111599521487895,"K242_T1"
-0.065777040189798,-0.0435790439870548,0.118811763448473,0.0576264220108937,0.195307544841068,-0.00205341544787208,-0.0555478019679728,0.0365099304613324,0.0130421483890227,-0.0148185095429607,-0.0232090007250402,-0.0227916528827121,0.128346031438033,0.0971871780905247,0.522912124948464,-0.157865997906201,0.125892928536636,-0.0308997831673871,0.0560798148855894,"K243_R1"
0.0547776473089447,0.131549252426658,0.190122290047997,0.0935442811254917,0.246082562800931,0.118556323096157,0.0850584305732493,0.0536676630280877,0.157164148212029,0.138566314504828,0.116475468478213,0.14564517463371,0.209336671052463,0.12896909255595,0.618271064377188,-0.0111124394518168,0.170132124046539,0.160405008588913,0.162815814280189,"K243_R12"
-0.0429458697656108,0.0326825950725856,0.144203038593959,0.0495910214909869,0.223008985115395,0.0693622938162123,0.00858069612619786,0.0451827241707965,0.0587337796661523,0.0412570893737189,0.0368147327356198,0.0242174679842476,0.164163211597975,0.106334188281139,0.601683666957059,-0.0864303817625452,0.142322176659464,0.00370086374230647,0.0934629153766465,"K243_R13"
-0.0221078557257394,0.0116394322107327,0.155158758400564,0.0531716020798537,0.238556135442781,0.0418582355276661,-0.0148210478087709,0.0726023091302458,0.07323058922654,0.0492785965432878,0.0275215995916187,0.0365474783919206,0.16095889348657,0.137208112337686,0.635379142433824,-0.125558961569023,0.169940385700925,-0.00599488198452806,0.105529067417439,"K243_R15"
-0.0511230357603543,-0.0459861752099253,0.120698072160952,0.0358528634950353,0.191019404787572,0.0276996125325427,-0.0537113762734565,0.0183796978164008,0.032998022137219,-0.00810304026232164,-0.0218059254385862,-0.0190784774870901,0.124488404073846,0.0845699270110132,0.619684340390563,-0.13456486171105,0.121660861996901,0.0112747708953945,0.0656474830848581,"K243_R20"
0.0472684053605199,0.2134051207045,0.212685269918082,0.121162113050649,0.275433494796568,0.151182227907593,0.131617242221805,0.111553551372985,0.175984145220234,0.181267078820448,0.154082835617042,0.156768897949832,0.236007806494279,0.169097748311257,0.628461528263097,-0.0648611656174943,0.215466894746547,0.135478211849297,0.192681830236756,"K243_R21"
0.0283536168527464,0.198954458600771,0.205052440251841,0.111783919066214,0.255608832820928,0.142618149323172,0.124199464072104,0.109400971575055,0.152373437170071,0.154964750663317,0.143234840240809,0.140258652361915,0.210386831324228,0.146804856545832,0.626081273924783,0.0501453211484417,0.180278409941353,0.0708046677765523,0.17309634910256,"K243_R23"
-0.0534354114634464,0.0795327485594842,0.125956227661033,0.0720039368091163,0.220220903169843,0.0942468615584899,0.0255095730066201,0.0364041594653377,0.0552267125924796,0.0518978349595696,0.0370292580508909,0.00491993506069006,0.153173372814346,0.121658720851947,0.605105282568386,-0.147479818576087,0.131294100558085,-0.0231151494480995,0.0864871797769126,"K243_R24"
0.0116529768193597,0.199701141800978,0.200937115909095,0.121251749498851,0.250832318997794,0.141257301628588,0.141316392335837,0.0886811722875259,0.163413415127038,0.161790946742245,0.15448881908018,0.145336835503055,0.22877317783186,0.14617709434675,0.597369455968864,-0.119893015584543,0.169852604615483,0.105382575500812,0.173332366600958,"K243_R3"
-0.077242582467647,-0.107161665744185,0.0726815278655907,-0.0501705142600127,0.150824690003101,-0.0186049994828457,-0.107736450110271,-0.0215262144520053,-0.0312140306507904,-0.0726086793148892,-0.0836963587727602,-0.0966252419623554,0.0752856760444646,0.0300906672879688,0.62920535774382,0.1529275591923,0.0748416318094796,-0.080346979107448,0.0146843055452121,"K243_R5"
-0.0162328929794964,0.0787266236330536,0.161191089448901,0.0524599423354867,0.245517928234761,0.076208768995671,0.0374447586950325,0.0543401251887553,0.0874667319715988,0.081713524651529,0.061123586193173,0.0581857172730738,0.187392043960297,0.131991840471698,0.630395484912978,-0.127115837865671,0.159080257103114,0.0130184626206818,0.122466234285052,"K243_R6"
-0.045238764026155,0.0557283791872596,0.117735574556257,-0.020666621191811,0.189610450423502,0.0491984246356007,0.0179875344806798,-0.0141327449541883,0.0637279574816966,0.0517446381381152,0.0342058034909774,0.0293135622973475,0.139663342954068,0.0542379419383176,0.640957863539248,0.291958282890465,0.0991152601377957,-0.00935658834275952,0.085577143379057,"K243_R7"
-0.00812070723256276,0.0494620050321854,0.183788362730697,0.0915166931992769,0.24459947119965,0.0945981913169451,0.0344734558799794,0.111773133009913,0.100094091077954,0.0774395641373642,0.076382960551104,0.0643555309858053,0.20997402564648,0.152930533718002,0.61864297911755,-0.149454099469544,0.186827971030599,0.00120103099062544,0.136314879333976,"K243_THR2"
-0.112959182570964,-0.213355722214825,0.0119971176428218,-0.125719796071461,0.102152739180145,-0.160750079888214,-0.203854520207998,-0.0660382778448492,-0.103723728226499,-0.143294578657404,-0.165365712273686,-0.199965585047538,-0.0162068288736098,-0.0107026109366323,0.629874804276471,0.146273715167259,0.0213869507595392,-0.105278822221257,-0.0446105068553168,"K245_R14"
-0.032212091798939,0.105661927609454,0.137293336856508,0.0913475474037829,0.251397495648584,0.0641168393211932,0.0376937727777783,0.0183994246413401,0.0788214872973743,0.0744538575864673,0.0617167984135622,0.0633644372644623,0.161386213783459,0.134500002844633,0.619238042702129,0.0906632296828402,0.132850589544687,-0.0249630555151093,0.102898261376153,"K245_R9"
-0.135329091080916,-0.25575751740312,-0.0194727520167078,-0.132782615047568,0.0655053185565392,-0.178793278935405,-0.234415479465951,-0.084584391912783,-0.147151937942581,-0.202335279718986,-0.204521554855174,-0.264755009339355,-0.0571815783297005,-0.0578837728819295,0.610088940089232,-0.081722014651334,-0.0147234361306386,-0.116445748724698,-0.0764739445762903,"K245_T1"
-0.137179879395771,-0.221133894849062,-0.0273427152469078,-0.17566703016463,0.0340593628464127,-0.183463932571536,-0.201970630708074,-0.111212239887392,-0.122590989663259,-0.16266163029044,-0.175405469481605,-0.227977265254699,-0.0666565724336307,-0.0808724490896287,0.5991546467226,-0.173909267556591,-0.0472338914063071,-0.124259485721023,-0.0754351795368969,"K245_THR4"
0.0359221435109533,0.175219670335809,0.245554671216919,0.199063849272918,0.338683220293211,0.154505939784558,0.104642746723544,0.155058516026243,0.144132627159677,0.137725357646027,0.155099548000112,0.146954410753157,0.274652114972411,0.249047474121798,0.596402477643924,-0.000582068756680248,0.23210819374359,0.070407637146658,0.191421492202625,"K263_M"
-0.0493774022945052,-0.0646461817813518,0.10352613506502,-0.0059154749110372,0.235790709147272,-0.0320870526741885,-0.0730271411550986,-0.00701247252436054,-0.0060992349332411,-0.0240471411243016,-0.0258092600834387,-0.0235726204037854,0.127576412723134,0.127672139893102,0.50967196019159,-0.0867880623592623,0.110544895653329,-0.0264259427398147,0.0541168405270525,"K263_R14"
0.0252333180327574,0.16044162175786,0.233567731325388,0.161985212337606,0.325909372891906,0.112571586021959,0.0963880394529746,0.141963578634425,0.14829202344489,0.135808808461925,0.140402501886432,0.153431147649814,0.261508973777681,0.227934509189845,0.616262724779235,-0.0597794359552563,0.232976290395897,0.0474269656903565,0.186931427452533,"K263_R2"
-0.0182010979763776,-0.110056096060129,0.145301275576149,0.0578326005114904,0.262465495144589,-0.00101424225833313,-0.0888026787550389,0.0725781613628256,0.00492568567039845,-0.0355595880361079,-0.0315730435725288,-0.0173056873283506,0.160689025204251,0.135445461113274,0.604510218983808,-0.0904011302317413,0.169273343779839,-0.0136359237844264,0.0806627487894133,"K263_R6"
0.0480751496544338,0.249715452382654,0.262562818096893,0.23855713404183,0.366671774103056,0.184422316907511,0.155773005861178,0.169667759746206,0.184786381989228,0.186364760467951,0.197563760621736,0.196796969043922,0.305518119103035,0.277367702904912,0.606444175633688,-0.0214750873477054,0.251325611736185,0.0699725771347908,0.219699405539497,"K263_T"
-0.0740763070185733,0.0728346449369454,0.104217310911156,-0.0108035660089954,0.182956598226434,-0.0049257863599873,0.00878997389723213,-0.00857217336764527,0.0414562595607205,0.0343718967316113,0.0313939212185467,-0.017225538030628,0.114030501551387,0.0859950618989954,0.614105619285138,-0.0703271639999363,0.0877860391677729,-0.0414015892358968,0.0662217226271821,"K265_R5"
-0.0809496574647651,-0.0492943212641843,0.0908606735814123,0.00011146027593528,0.183551731115727,-0.0345143040984211,-0.0740654156205643,-0.0151543357100195,-0.00722320894097348,-0.0351747137517101,-0.0462317298023884,-0.0784842044747509,0.0909128332074424,0.0952584530528266,0.617080937208031,0.187017764011688,0.0937517298944469,-0.0555692848190153,0.0346124138866522,"K265_R7"
-0.0764725496060557,-0.137867191935458,0.0768212212116218,-0.0322411664778099,0.141939212684502,-0.102630301538732,-0.126527947538427,-0.0247984066101421,-0.0192513508984819,-0.067521470791537,-0.0707954268098252,-0.0781309262849149,0.0417569997326044,0.0512157448421503,0.61670902246767,-0.0109022878219556,0.0921263883476255,-0.0574591709480478,0.0153801152934564,"K323_R1"
-0.127852535312261,-0.354802308420629,-0.0819550250553717,-0.224801191554628,0.0350711780204362,-0.190408554667291,-0.24369877523258,-0.110417788025207,-0.178112657569068,-0.258123544232828,-0.222849853201443,-0.331801952171136,-0.0748776983343866,-0.14259172243238,0.602799411178144,0.210273846287928,-0.0857993291360263,-0.127326832751836,-0.105504607219921,"K326_CB1"
-0.0526263264759343,-0.1135018364607,0.116515378584944,0.0702048517038535,0.225861830640621,0.0182455171054641,-0.0879823457296445,0.0253334345019948,0.0186996543891142,-0.0281444081530689,-0.0416841060303181,-0.0360259076878271,0.123719862413903,0.0995432772280162,0.639990885214308,0.28925348521316,0.102057197204243,-0.0507168335660618,0.0585648222770362,"K326_R4"
-0.0447446719238875,-0.0646036528737943,0.0877962850114659,-0.027937441430082,0.207798079148869,-0.030586110134309,-0.0848492531236706,-0.00212903117822565,-0.0180900659857701,-0.0414685797505031,-0.0517424747242532,-0.0689474495709326,0.100333086848507,0.0652662522166121,0.626378805717072,0.0955671833372543,0.107534440324684,-0.0575225948564813,0.0445542739636053,"K328_R1"
-0.070360672565528,-0.165381018556006,0.0323735661495348,-0.104996193185246,0.160872427907091,-0.0908181471105389,-0.157314913066821,-0.07157863989749,-0.0681289462465781,-0.10494979120514,-0.106178906104494,-0.147221398118006,0.0298523696554465,0.0224453325581496,0.619981872182852,0.140893919422581,0.0518624641663326,-0.115307283901478,-0.00800745768753642,"K328_R13"
-0.0479281874515438,-0.11618313762552,0.107707791977207,-0.0133518160989414,0.241837004626105,-0.0113884850465887,-0.0964780352824205,0.0231913261917289,-0.0203713717178839,-0.0566585362907927,-0.0479271341445792,-0.0671164996896391,0.136046649491749,0.0856752849347017,0.625709359184421,0.146527621584526,0.116565429766564,-0.0492184864111201,0.0512395479563493,"K328_R16"
-0.0438208789280781,-0.0772795773391712,0.112465185279798,-0.0284568233365105,0.231406361478175,-0.0123476711116113,-0.0892377543433793,-0.00929146510488602,-0.012335077463306,-0.0372808930531503,-0.0339227739873808,-0.0772422764249184,0.12571667206454,0.0839199745106894,0.625634976236349,0.0961324939657525,0.110373205771811,-0.0713678163143348,0.0548759418250328,"K328_R18"
-0.061521607604676,-0.142237097056505,0.0672973116105709,-0.0395568790139495,0.195716197795388,-0.0380277494626317,-0.12726899134896,-0.018925371236451,-0.0451503990057923,-0.080525544575492,-0.0818041138127101,-0.101636711871435,0.0746047840253267,0.0517678345201498,0.602129964645493,0.0896311077304966,0.0944394501712904,-0.0649436816836121,0.0217341433338315,"K328_R19"
-0.129898901831139,-0.232765649029453,-0.00482633841627026,-0.101457727090312,0.0942766277592333,-0.154515278583616,-0.208403364997615,-0.042497999290659,-0.104132701863626,-0.170156408857523,-0.176455002332601,-0.191610231402478,-0.0295616952494933,-0.046056972610473,0.624593614963336,-0.121364609840661,0.023113176061827,-0.0762357944500008,-0.056637253919375,"K334_R6"
-0.0573003940527452,-0.206000544812598,0.0578641818699908,-0.0183586532230785,0.148709562480072,-0.0617514720633769,-0.158893085793207,0.000365554514682216,-0.034439004540057,-0.0738547547172282,-0.0983296025275111,-0.0979698114603002,0.0169632253646841,0.0434960919077152,0.61418000223321,-0.132186132264752,0.128312802063468,-0.0623751341987355,0.0158424162748489,"K360_R1"
-0.0717721485462951,-0.150269222369341,0.0943410652895657,0.0905810781161617,0.199596227910687,-0.000300591505059386,-0.132784059379661,0.0642044345649554,-0.0243430375671393,-0.0673694672359722,-0.0781466523618516,-0.104487743270039,0.0781485327401112,0.119607825099009,0.597443838916937,-0.129512264965497,0.158157158953198,-0.0325119266550729,0.0358403703262187,"K360_R5"
-0.00199980657519304,-0.142154403822447,0.0415867358478062,-0.0445600802881287,0.107595245321141,-0.12872417435014,-0.154456701024106,-0.0158631283391999,-0.015562236288153,-0.0917305947068956,-0.0865353795034432,-0.0491491555826825,-0.00426996192331572,-0.0688650026476929,0.524399783909911,0.151037722596198,0.0254844116018358,-0.0103284856741786,0.0105628652272545,"K376_M2"
-0.0883037935963877,-0.192563114211302,0.00112844289101172,-0.0637318599100771,0.0892370071545834,-0.161130607329944,-0.205947969116371,0.0397244848607728,-0.133372376314987,-0.187294315522555,-0.144077936716573,-0.236353549116771,-0.0605562110720602,-0.0635065097063038,0.592980862032597,-0.0683922628898864,0.0291974906956792,-0.116309380112644,-0.04493719944593,"K376_M5"
-0.0822667478657767,-0.125318762487879,0.0578402965140008,-0.0576696132998066,0.141477971459449,-0.124979098778765,-0.160511509780729,0.0415740586888706,-0.0853462303040113,-0.135276797821949,-0.104187096606207,-0.138828197030868,0.0151426509388867,-0.0276419088351358,0.519862424077499,0.0298228880930168,0.0595496790228485,-0.0382546412469401,-0.00481178235944696,"K376_R3"
-0.03790945869612,-0.0827601444497754,0.0844193506747989,-0.0214256525827006,0.161433785520513,-0.0587119857373577,-0.101082558251826,0.0748689471650918,-0.0254774157407271,-0.0564054753445289,-0.0460136013011459,-0.0445539037051093,0.0344002036719082,-0.0279619023147349,0.507961152385926,-0.0232534697077893,0.0926881332596639,-0.0410395289005941,0.0408027172874362,"K376_R9"
-0.0501886936481482,-0.0329870098690544,0.162133403989562,0.184471544748373,0.302922695680992,0.0894293151716743,-0.0530165051235923,0.104971256924571,0.0419058564576333,0.00888618070431397,-0.00682441288654434,-0.0326021673595453,0.178131304178673,0.248666705731697,0.581823419821748,-0.0511841415663609,0.196154875602277,0.00496530847172646,0.0983863722354283,"K448_R12"
-0.0613807185802727,-0.00366132339198799,0.124545576153416,0.102355048573264,0.235383181606496,0.0490996886666779,-0.0368152988978845,0.0512291652004739,0.026615745219193,0.00527203996162984,-0.00567447399013842,-0.0193146367957749,0.140030290042983,0.165942721972269,0.484456140795071,-0.16249336186491,0.14063447149407,-0.00615304354680322,0.0748681379688956,"K448_R49"
0.0171155633484677,0.0804277047879931,0.198025375733311,0.179495804273738,0.29622609809314,0.126342688650496,0.0209676280168776,0.123562345464563,0.127601586091959,0.0879609876907548,0.0755385568607425,0.0963990430719091,0.200879295349653,0.217113315377212,0.636346120758764,0.331945466585363,0.20792833601358,0.0384262913283861,0.153241474854192,"K448_R5"
-0.0523830672243333,-0.131122756697364,0.119859326896002,0.136753568258426,0.21133076512378,0.100627804412117,-0.0931582676725199,0.090674523563645,0.0175529936219912,-0.0251498943994825,-0.0403391027092479,-0.0690430768498687,0.110727556192907,0.126442665905845,0.634784078849245,-0.101270163081668,0.182256691631217,-0.0445004588585143,0.0638621211260332,"K520_M6"
-0.102900287735107,-0.182608817673703,0.0259052520712168,-0.0818432335249393,0.123570964845721,-0.082664632101508,-0.17306306460078,-0.0518418329971963,-0.062567302264913,-0.111613070920235,-0.142512697616717,-0.153225107767973,0.0105065109272141,-0.00863173514615116,0.641850458916116,0.302742840725883,0.03876238726829,-0.085313849466968,-0.0218654276318612,"K520_R1"
-0.0712151082477053,-0.234510031935293,0.0190739300039939,-0.0626624281111985,0.113942697182923,-0.0408133134543638,-0.190026454690105,-0.0496179329593424,-0.0740851113423719,-0.123103354248913,-0.166604603423264,-0.170124144592681,0.00128233437612905,-0.0508969653478181,0.615742044142729,0.0529492853015815,0.0439983731365772,-0.107004103800449,-0.0246952498626392,"K520_R9"
